direction,target_price,target_time,predicted_range,predicted_duration,actual_end_price,actual_end_time,actual_direction,actual_range,actual_duration,price_error,price_error_pct,range_error,duration_error,start_time,start_price
Down,4312.337826023102,2025-12-31 21:33:33.041095733,7.061269283294678,9.550684928894043,4307.93,2025-12-31 21:44:00,Down,12.109999999999673,20.0,4.407826023101734,0.10231888686913979,5.048730716704995,10.449315071105957,2025-12-31 21:24:00,4320.04
Up,4319.035416566134,2025-12-31 21:58:46.539287567,10.722851753234863,14.775654792785645,4314.19,2025-12-31 21:46:00,Up,6.259999999999309,2.0,4.84541656613419,0.11231347173245015,4.4628517532355545,12.775654792785645,2025-12-31 21:44:00,4307.93
Down,4307.495981512069,2025-12-31 21:55:24.495449066,8.194366455078125,9.408257484436035,4304.64,2025-12-31 22:02:00,Down,9.549999999999272,16.0,2.8559815120688654,0.0663465821083497,1.3556335449211474,6.591742515563965,2025-12-31 21:46:00,4314.19
Up,4312.592333221436,2025-12-31 22:12:31.394691467,9.065176010131836,10.523244857788086,4324.36,2025-12-31 22:43:00,Up,19.719999999999345,41.0,11.76766677856358,0.2721250492226267,10.65482398986751,30.476755142211914,2025-12-31 22:02:00,4304.64
Down,4315.4018312668795,2025-12-31 22:53:37.332057952,7.622394561767578,10.622200965881348,4307.05,2025-12-31 22:53:00,Down,17.30999999999949,10.0,8.351831266879344,0.19391071073888957,9.687605438231913,0.6222009658813477,2025-12-31 22:43:00,4324.36
Up,4314.277700096369,2025-12-31 22:58:06.639060974,6.718949317932129,5.110651016235352,4316.42,2025-12-31 23:42:00,Up,9.36999999999989,49.0,2.142299903631283,0.049631405276393,2.651050682067762,43.88934898376465,2025-12-31 22:53:00,4307.05
Down,4305.871316808462,2025-12-31 23:51:05.669574737,11.29354476928711,9.09449291229248,4313.74,2025-12-31 23:49:00,Down,2.680000000000291,7.0,7.868683191537457,0.18240976951641633,8.613544769286818,2.0944929122924805,2025-12-31 23:42:00,4316.42
Up,4322.176586670876,2026-01-01 00:01:40.322284698,9.807360649108887,12.672038078308105,4343.95,2026-01-02 01:36:00,Up,30.210000000000036,1547.0,21.773413329124196,0.5012353578914167,20.40263935089115,1534.327961921692,2025-12-31 23:49:00,4313.74
Down,4333.961658719182,2026-01-02 01:45:45.575065612,7.437845230102539,9.759584426879883,4339.24,2026-01-02 01:40:00,Down,4.710000000000036,4.0,5.278341280817585,0.12164206821511567,2.7278452301025027,5.759584426879883,2026-01-02 01:36:00,4343.95
Up,4356.865203671455,2026-01-02 02:12:07.566146850,13.144288063049316,32.126102447509766,4352.82,2026-01-02 02:10:00,Up,13.579999999999927,30.0,4.045203671455056,0.09293294166666796,0.43571193695061083,2.1261024475097656,2026-01-02 01:40:00,4339.24
Down,4343.1892794799805,2026-01-02 02:21:40.723285675,14.959691047668457,11.67872142791748,4341.49,2026-01-02 02:26:00,Down,11.329999999999927,16.0,1.6992794799807598,0.03914046744276181,3.62969104766853,4.3212785720825195,2026-01-02 02:10:00,4352.82
Up,4347.8004376280305,2026-01-02 02:56:50.081748962,14.476949691772461,30.83469581604004,4350.79,2026-01-02 02:38:00,Up,9.300000000000182,12.0,2.9895623719694413,0.06871309283990819,5.176949691772279,18.83469581604004,2026-01-02 02:26:00,4341.49
Down,4344.309410961866,2026-01-02 03:14:56.486892700,9.271612167358398,36.94144821166992,4346.71,2026-01-02 02:41:00,Down,4.079999999999927,3.0,2.4005890381340578,0.05522772483404823,5.191612167358471,33.94144821166992,2026-01-02 02:38:00,4350.79
Up,4363.112096550464,2026-01-03 02:32:17.014160156,12.747851371765137,1431.2835693359375,4356.08,2026-01-02 02:57:00,Up,9.36999999999989,16.0,7.032096550464303,0.16143175861013348,3.377851371765246,1415.2835693359375,2026-01-02 02:41:00,4346.71
Down,4353.078012247085,2026-01-02 03:26:16.594734191,22.81886100769043,29.276578903198242,4344.59,2026-01-02 03:25:00,Down,11.489999999999782,28.0,8.488012247084953,0.19536969534720083,11.328861007690648,1.2765789031982422,2026-01-02 02:57:00,4356.08
Up,4357.330203071833,2026-01-02 03:45:34.131202697,19.93937110900879,20.5688533782959,4351.49,2026-01-02 03:35:00,Up,6.899999999999636,10.0,5.840203071833457,0.13421157056165722,13.039371109009153,10.568853378295898,2026-01-02 03:25:00,4344.59
Down,4346.901502743363,2026-01-02 04:04:30.695228576,11.500502586364746,29.511587142944336,4345.77,2026-01-02 03:44:00,Down,5.719999999999345,9.0,1.1315027433629439,0.02603687593597783,5.780502586365401,20.511587142944336,2026-01-02 03:35:00,4351.49
Up,4353.668802183867,2026-01-02 03:50:47.769727706,6.777004241943359,6.796162128448486,4354.48,2026-01-02 03:51:00,Up,8.709999999999127,7.0,0.811197816132335,0.0186290398883985,1.9329957580557675,0.20383787155151367,2026-01-02 03:44:00,4345.77
Down,4347.04189538002,2026-01-02 04:00:42.619743347,9.332990646362305,9.710329055786133,4345.23,2026-01-02 04:21:00,Down,9.25,30.0,1.8118953800203599,0.041698491909987735,0.08299064636230469,20.289670944213867,2026-01-02 03:51:00,4354.48
Up,4353.425147970915,2026-01-02 04:32:01.927299499,8.211071968078613,11.032121658325195,4375.66,2026-01-02 05:48:00,Up,30.43000000000029,87.0,22.234852029085232,0.5081485314006398,22.218928031921678,75.9678783416748,2026-01-02 04:21:00,4345.23
Down,4369.798042082786,2026-01-02 06:01:34.315967559,8.1912260055542,13.571932792663574,4372.19,2026-01-02 05:56:00,Down,3.4700000000002547,8.0,2.3919579172134036,0.054708462285797364,4.721226005553945,5.571932792663574,2026-01-02 05:48:00,4375.66
Up,4381.276699540615,2026-01-03 05:47:05.104980468,9.048084259033203,1431.0850830078125,4378.49,2026-01-02 06:07:00,Up,6.300000000000182,11.0,2.7866995406147907,0.06364521879951288,2.7480842590330212,1420.0850830078125,2026-01-02 05:56:00,4372.19
Down,4373.612314804792,2026-01-02 06:27:18.418579101,8.507667541503906,20.306976318359375,4371.43,2026-01-02 06:23:00,Down,7.059999999999491,16.0,2.182314804791531,0.04992221778208803,1.4476675415044156,4.306976318359375,2026-01-02 06:07:00,4378.49
Up,4388.867031177283,2026-01-02 06:46:48.397293090,9.710029602050781,23.806621551513672,4376.11,2026-01-02 06:27:00,Up,4.6799999999993815,4.0,12.757031177283352,0.29151532245038064,5.0300296020514,19.806621551513672,2026-01-02 06:23:00,4371.43
Down,4368.762497137189,2026-01-02 06:40:20.380783081,20.6124210357666,13.339679718017578,4371.13,2026-01-02 07:02:00,Down,4.979999999999563,35.0,2.367502862811307,0.05416226153903697,15.632421035767038,21.660320281982422,2026-01-02 06:27:00,4376.11
Up,4384.277872943879,2026-01-02 07:22:10.300025939,11.977137565612793,20.171667098999023,4380.16,2026-01-02 07:11:00,Up,9.029999999999745,9.0,4.117872943878865,0.09401192978975347,2.9471375656130476,11.171667098999023,2026-01-02 07:02:00,4371.13
Down,4373.786044616699,2026-01-02 07:24:36.133861541,7.842165470123291,13.6022310256958,4375.3,2026-01-02 07:20:00,Down,4.859999999999673,9.0,1.513955383301436,0.03460232174482747,2.9821654701236184,4.602231025695801,2026-01-02 07:11:00,4380.16
Up,4382.867552053928,2026-01-02 08:04:21.287841796,11.677909851074219,44.35479736328125,4380.14,2026-01-02 07:23:00,Up,4.8400000000001455,3.0,2.727552053927866,0.0622708875498926,6.837909851074073,41.35479736328125,2026-01-02 07:20:00,4375.3
Down,4374.480640617609,2026-01-02 07:44:33.004875183,8.004051208496094,21.550081253051758,4377.88,2026-01-02 07:42:00,Down,2.2600000000002183,19.0,3.399359382390685,0.07764852810928315,5.7440512084958755,2.550081253051758,2026-01-02 07:23:00,4380.14
Up,4388.0817877388,2026-01-03 07:32:49.541015625,9.805122375488281,1430.82568359375,4381.72,2026-01-02 07:55:00,Up,3.8400000000001455,13.0,6.361787738799649,0.1451892804378109,5.965122375488136,1417.82568359375,2026-01-02 07:42:00,4377.88
Down,4375.949429757596,2026-01-02 08:09:53.299255371,8.982342720031738,14.888320922851562,4373.8,2026-01-02 08:16:00,Down,7.920000000000073,21.0,2.149429757595499,0.04914330233653799,1.0623427200316655,6.1116790771484375,2026-01-02 07:55:00,4381.72
Up,4385.594534897805,2026-01-02 08:28:51.804542541,7.403122425079346,12.863409042358398,4379.99,2026-01-02 08:29:00,Up,6.1899999999996,13.0,5.604534897805024,0.12795770989899577,1.2131224250797459,0.13659095764160156,2026-01-02 08:16:00,4373.8
Down,4374.25930186212,2026-01-02 08:44:54.640102386,13.64966869354248,15.91066837310791,4372.22,2026-01-02 09:10:00,Down,7.769999999999527,41.0,2.039301862119828,0.04664225181074667,5.879668693542953,25.08933162689209,2026-01-02 08:29:00,4379.99
Up,4380.669322988987,2026-01-02 09:30:33.602256774,10.013028144836426,20.56003761291504,4378.0,2026-01-02 09:14:00,Up,5.779999999999745,4.0,2.6693229889870054,0.06097128800792612,4.23302814483668,16.56003761291504,2026-01-02 09:10:00,4372.22
Down,4370.816592216492,2026-01-02 09:44:00.019340515,10.79493236541748,30.000322341918945,4371.97,2026-01-02 09:24:00,Down,6.029999999999745,10.0,1.1534077835085554,0.026381877815002286,4.764932365417735,20.000322341918945,2026-01-02 09:14:00,4378.0
Up,4381.801528911591,2026-01-02 09:57:08.378219604,18.187471389770508,33.1396369934082,4380.72,2026-01-02 09:37:00,Up,8.75,13.0,1.0815289115907945,0.024688382539646322,9.437471389770508,20.139636993408203,2026-01-02 09:24:00,4371.97
Down,4372.278272981644,2026-01-02 09:58:11.405067443,13.740996360778809,21.19008445739746,4375.33,2026-01-02 09:45:00,Down,5.390000000000327,8.0,3.0517270183563596,0.06974849938990567,8.350996360778481,13.190084457397461,2026-01-02 09:37:00,4380.72
Up,4388.391405880451,2026-01-02 10:07:22.944488525,5.510766983032227,22.382408142089844,4386.76,2026-01-02 10:12:00,Up,11.430000000000291,27.0,1.6314058804509841,0.03718931239573134,5.9192330169680645,4.617591857910156,2026-01-02 09:45:00,4375.33
Down,4379.926186847687,2026-01-02 10:25:27.818183898,7.559897422790527,13.46363639831543,4381.74,2026-01-02 10:22:00,Down,5.020000000000437,10.0,1.8138131523128322,0.04139481466980771,2.539897422790091,3.4636363983154297,2026-01-02 10:12:00,4386.76
Up,4388.857460875511,2026-01-02 10:30:42.402992248,8.23108196258545,8.706716537475586,4397.4,2026-01-02 10:47:00,Up,15.659999999999854,25.0,8.54253912448894,0.19426340847975943,7.428918037414405,16.293283462524414,2026-01-02 10:22:00,4381.74
Down,4391.324919533729,2026-01-02 11:03:08.742942810,5.4883198738098145,16.145715713500977,4386.12,2026-01-02 11:00:00,Down,11.279999999999745,13.0,5.2049195337294805,0.11866796926963878,5.791680126189931,3.1457157135009766,2026-01-02 10:47:00,4397.4
Up,4396.698107085228,2026-01-02 11:17:00.185966491,8.09171199798584,17.00309944152832,4391.2,2026-01-02 11:09:00,Up,5.079999999999927,9.0,5.498107085228185,0.12520739399772693,3.0117119979859126,8.00309944152832,2026-01-02 11:00:00,4386.12
Down,4383.302642202377,2026-01-02 11:23:59.821472167,10.462359428405762,14.997024536132812,4387.56,2026-01-02 11:13:00,Down,3.639999999999418,4.0,4.2573577976236265,0.0970324690174864,6.822359428406344,10.997024536132812,2026-01-02 11:09:00,4391.2
Up,4396.071395916939,2026-01-02 11:22:53.696651458,7.1511735916137695,9.894944190979004,4391.62,2026-01-02 11:16:00,Up,4.059999999999491,3.0,4.451395916938964,0.10136113591200886,3.091173591614279,6.894944190979004,2026-01-02 11:13:00,4387.56
Down,4383.206217781305,2026-01-02 11:36:54.541053771,7.260341644287109,20.90901756286621,4383.34,2026-01-02 11:22:00,Down,8.279999999999745,6.0,0.13378221869515983,0.0030520611838269407,1.019658355712636,14.909017562866211,2026-01-02 11:16:00,4391.62
Up,4391.794091293812,2026-01-02 11:43:03.540000915,7.281989097595215,21.05900001525879,4389.85,2026-01-02 11:30:00,Up,6.510000000000218,8.0,1.9440912938116526,0.04428605291323513,0.7719890975949966,13.059000015258789,2026-01-02 11:22:00,4383.34
Down,4381.234732657671,2026-01-02 11:42:36.020164489,8.358742713928223,12.600336074829102,4384.58,2026-01-02 12:00:00,Down,5.270000000000437,30.0,3.3452673423289525,0.07629618668900903,3.088742713927786,17.3996639251709,2026-01-02 11:30:00,4389.85
Up,4393.471877527237,2026-01-02 12:08:56.886234283,9.621521949768066,8.948103904724121,4390.06,2026-01-02 12:20:00,Up,5.480000000000473,20.0,3.4118775272363564,0.07771824365125662,4.1415219497675935,11.051896095275879,2026-01-02 12:00:00,4384.58
Down,4384.763317015171,2026-01-02 12:29:20.279502868,7.801639080047607,9.337991714477539,4384.92,2026-01-02 12:30:00,Down,5.140000000000327,10.0,0.15668298482887622,0.0035732233388266195,2.66163908004728,0.6620082855224609,2026-01-02 12:20:00,4390.06
Up,4396.706362667084,2026-01-02 12:43:38.170108795,9.805693626403809,13.636168479919434,4398.55,2026-01-02 12:52:00,Up,13.63000000000011,22.0,1.8436373329159323,0.041914661261459624,3.8243063735963005,8.363831520080566,2026-01-02 12:30:00,4384.92
Down,4391.61680829823,2026-01-02 13:16:48.383674621,8.821228981018066,24.806394577026367,4394.04,2026-01-02 13:13:00,Down,4.510000000000218,21.0,2.4231917017696105,0.05514723811730459,4.311228981017848,3.806394577026367,2026-01-02 12:52:00,4398.55
Up,4404.794874858856,2026-01-02 13:33:26.903800964,9.404685974121094,20.448396682739258,4399.32,2026-01-02 13:27:00,Up,5.279999999999745,14.0,5.47487485885631,0.12444820696962963,4.124685974121348,6.448396682739258,2026-01-02 13:13:00,4394.04
Down,4393.151014494895,2026-01-02 13:42:41.069583892,5.953537464141846,15.684493064880371,4391.84,2026-01-02 13:37:00,Down,7.479999999999563,10.0,1.311014494895062,0.02985114427882304,1.5264625358577177,5.684493064880371,2026-01-02 13:27:00,4399.32
Up,4400.835603904724,2026-01-02 13:45:37.946205139,9.19719123840332,8.632436752319336,4395.76,2026-01-02 13:44:00,Up,3.9200000000000728,7.0,5.075603904723721,0.11546590133955724,5.2771912384032476,1.632436752319336,2026-01-02 13:37:00,4391.84
Down,4388.997318911553,2026-01-02 14:00:52.660102844,10.416109085083008,16.877668380737305,4390.76,2026-01-02 13:57:00,Down,5.0,13.0,1.7626810884476072,0.04014523882989749,5.416109085083008,3.8776683807373047,2026-01-02 13:44:00,4395.76
Up,4399.155123438835,2026-01-02 14:11:01.726284027,8.124266624450684,14.02877140045166,4398.36,2026-01-02 14:20:00,Up,7.599999999999454,23.0,0.795123438835617,0.01807772530751501,0.5242666244512293,8.97122859954834,2026-01-02 13:57:00,4390.76
Down,4392.538415408134,2026-01-02 14:34:20.715351104,7.484706878662109,14.345255851745605,4385.36,2026-01-02 14:43:00,Down,13.0,23.0,7.178415408134242,0.1636904474919788,5.515293121337891,8.654744148254395,2026-01-02 14:20:00,4398.36
Up,4392.870717763901,2026-01-02 14:55:46.954765319,6.614073276519775,12.78257942199707,4402.38,2026-01-02 15:16:00,Up,17.020000000000437,33.0,9.509282236099352,0.21600321271901451,10.405926723480661,20.21742057800293,2026-01-02 14:43:00,4385.36
Down,4396.667502014637,2026-01-02 15:31:40.014839172,5.696307182312012,15.666913986206055,4366.1,2026-01-02 15:37:00,Down,36.279999999999745,21.0,30.567502014636375,0.7001099840735753,30.583692817687734,5.333086013793945,2026-01-02 15:16:00,4402.38
Up,4374.719143486023,2026-01-02 15:51:03.278102874,8.768874168395996,14.054635047912598,4377.84,2026-01-02 15:46:00,Up,11.739999999999782,9.0,3.1208565139768325,0.0712875873484831,2.9711258316037856,5.054635047912598,2026-01-02 15:37:00,4366.1
Down,4370.799327764511,2026-01-02 16:09:51.218376159,9.105443000793457,23.853639602661133,4362.16,2026-01-02 15:57:00,Down,15.680000000000291,11.0,8.639327764511108,0.19805160206207723,6.574556999206834,12.853639602661133,2026-01-02 15:46:00,4377.84
Up,4375.241891431809,2026-01-02 16:21:16.103324890,13.682917594909668,24.268388748168945,4372.74,2026-01-02 16:05:00,Up,10.579999999999927,8.0,2.501891431808872,0.05721564583782416,3.1029175949097407,16.268388748168945,2026-01-02 15:57:00,4362.16
Down,4361.958547174931,2026-01-02 16:26:08.261604309,15.32082748413086,21.137693405151367,4367.1,2026-01-02 16:17:00,Down,5.639999999999418,12.0,5.141452825069791,0.11773151118751096,9.680827484131441,9.137693405151367,2026-01-02 16:05:00,4372.74
Up,4378.474565112591,2026-01-02 16:31:09.956245422,9.968420028686523,14.165937423706055,4373.66,2026-01-02 16:22:00,Up,6.559999999999491,5.0,4.814565112591481,0.11008091878635928,3.4084200286870328,9.165937423706055,2026-01-02 16:17:00,4367.1
Down,4364.685731235742,2026-01-02 16:32:20.310230255,11.658906936645508,10.33850383758545,4348.04,2026-01-02 16:42:00,Down,25.61999999999989,20.0,16.64573123574246,0.382832983039311,13.961093063354383,9.66149616241455,2026-01-02 16:22:00,4373.66
Up,4356.940188784599,2026-01-02 16:53:10.578117370,9.33508586883545,11.176301956176758,4363.16,2026-01-02 16:48:00,Up,15.11999999999989,6.0,6.219811215401023,0.14255290237811638,5.784914131164442,5.176301956176758,2026-01-02 16:42:00,4348.04
Down,4353.233074080944,2026-01-02 17:03:13.437824249,11.611916542053223,15.223963737487793,4330.39,2026-01-02 17:24:00,Down,32.76999999999953,36.0,22.843074080943552,0.5275061618224582,21.158083457946304,20.776036262512207,2026-01-02 16:48:00,4363.16
Up,4338.704283053875,2026-01-02 17:38:22.448959350,13.73344898223877,14.374149322509766,4347.14,2026-01-02 17:45:00,Up,16.75,21.0,8.435716946125467,0.19405211118403057,3.0165510177612305,6.625850677490234,2026-01-02 17:24:00,4330.39
Down,4333.269596749545,2026-01-02 17:59:50.714607238,9.941158294677734,14.845243453979492,4315.13,2026-01-02 18:24:00,Down,32.01000000000022,39.0,18.13959674954458,0.42037196444938113,22.068841705322484,24.154756546020508,2026-01-02 17:45:00,4347.14
Up,4326.600171062946,2026-01-02 18:38:40.040016174,12.187335014343262,14.667333602905273,4328.34,2026-01-02 18:47:00,Up,13.210000000000036,23.0,1.7398289370539715,0.04019621695740102,1.0226649856567747,8.332666397094727,2026-01-02 18:24:00,4315.13
Down,4316.734099280834,2026-01-02 19:05:20.425758361,16.814178466796875,18.340429306030273,4321.56,2026-01-02 18:56:00,Down,6.779999999999745,9.0,4.825900719166384,0.11167033939518099,10.03417846679713,9.340429306030273,2026-01-02 18:47:00,4328.34
Up,4332.150866861344,2026-01-02 19:11:04.247131347,9.026372909545898,15.070785522460938,4333.6,2026-01-02 19:05:00,Up,12.039999999999964,9.0,1.4491331386561797,0.03343947615507152,3.013627090454065,6.0707855224609375,2026-01-02 18:56:00,4321.56
Down,4326.249738693237,2026-01-02 19:20:44.414176940,9.575626373291016,15.740236282348633,4324.02,2026-01-02 19:26:00,Down,9.579999999999927,21.0,2.229738693236868,0.05156633626201701,0.004373626708911615,5.259763717651367,2026-01-02 19:05:00,4333.6
Up,4335.844213836193,2026-01-02 19:39:26.379375457,11.529473304748535,13.439656257629395,4331.25,2026-01-02 19:30:00,Up,7.229999999999563,4.0,4.594213836193376,0.10607131512134778,4.299473304748972,9.439656257629395,2026-01-02 19:26:00,4324.02
Down,4322.937421873212,2026-01-02 19:48:50.038604736,8.165345191955566,18.83397674560547,4310.9,2026-01-02 20:15:00,Down,20.350000000000364,45.0,12.037421873212224,0.2792322223482852,12.184654808044797,26.16602325439453,2026-01-02 19:30:00,4331.25
Up,4322.33271831274,2026-01-02 20:24:45.485229492,9.367400169372559,9.758087158203125,4321.73,2026-01-02 20:25:00,Up,10.829999999999927,10.0,0.6027183127407625,0.013946227847199212,1.4625998306273686,0.241912841796875,2026-01-02 20:15:00,4310.9
Down,4304.019300893545,2026-01-02 20:39:20.347995758,13.051094055175781,14.339133262634277,4309.98,2026-01-02 20:44:00,Down,11.75,19.0,5.96069910645474,0.1382999249753999,1.3010940551757812,4.660866737365723,2026-01-02 20:25:00,4321.73
Up,4318.94460187912,2026-01-02 20:59:03.363018035,10.384517669677734,15.056050300598145,4323.25,2026-01-02 21:17:00,Up,13.270000000000437,33.0,4.305398120880454,0.09958707270873658,2.885482330322702,17.943949699401855,2026-01-02 20:44:00,4309.98
Down,4310.715905949473,2026-01-02 21:29:49.238319396,9.803056716918945,12.820638656616211,4316.45,2026-01-02 21:24:00,Down,6.800000000000182,7.0,5.734094050526437,0.13284282339715361,3.0030567169187634,5.820638656616211,2026-01-02 21:17:00,4323.25
Up,4324.820362776518,2026-01-02 21:38:30.792846679,15.876887321472168,14.513214111328125,4326.39,2026-01-02 21:40:00,Up,9.94000000000051,16.0,1.5696372234824594,0.03628053003733966,5.936887321471659,1.486785888671875,2026-01-02 21:24:00,4316.45
Down,4315.377278262377,2026-01-02 21:49:25.876407623,10.715555191040039,9.431273460388184,4317.2,2026-01-02 22:00:00,Down,9.19000000000051,20.0,1.8227217376224871,0.04221999762861316,1.5255551910395297,10.568726539611816,2026-01-02 21:40:00,4326.39
Up,4326.764776659012,2026-01-02 22:12:21.675853729,11.00668716430664,12.3612642288208,4331.85,2026-01-02 23:00:00,Up,14.650000000000546,60.0,5.085223340988705,0.11739149187965199,3.643312835693905,47.6387357711792,2026-01-02 22:00:00,4317.2
Down,4320.784392008186,2026-01-02 23:21:54.873733520,8.744207382202148,21.914562225341797,4327.18,2026-01-02 23:06:00,Down,4.670000000000073,6.0,6.395607991814359,0.147800830837043,4.074207382202076,15.914562225341797,2026-01-02 23:00:00,4331.85
Up,4338.647124390603,2026-01-02 23:21:30.575008392,9.177130699157715,15.509583473205566,4330.49,2026-01-02 23:36:00,Up,3.3099999999994907,30.0,8.157124390602803,0.1883649284631255,5.867130699158224,14.490416526794434,2026-01-02 23:06:00,4327.18
Down,4321.162414473891,2026-01-02 23:48:00.041656494,9.340109825134277,12.000694274902344,4327.02,2026-01-02 23:41:00,Down,3.469999999999345,5.0,5.857585526109688,0.13537227759773904,5.870109825134932,7.000694274902344,2026-01-02 23:36:00,4330.49
Up,4335.997864158154,2026-01-03 10:02:01.849365234,11.026435852050781,621.0308227539062,4372.68,2026-01-05 01:15:00,Up,45.659999999999854,2974.0,36.6821358418465,0.8388936725725757,34.63356414794907,2352.9691772460938,2026-01-02 23:41:00,4327.02
Down,4358.873278412819,2026-01-05 01:28:39.966716766,6.412309646606445,13.666111946105957,4354.45,2026-01-05 01:34:00,Down,18.230000000000473,19.0,4.423278412818945,0.10158064538159688,11.817690353394028,5.333888053894043,2026-01-05 01:15:00,4372.68
Up,4367.273621368408,2026-01-05 16:26:00.106201171,28.336624145507812,892.0017700195312,4375.9,2026-01-05 01:57:00,Up,21.449999999999818,23.0,8.626378631591251,0.19713381548004416,6.886624145507994,869.0017700195312,2026-01-05 01:34:00,4354.45
Down,4357.705441844463,2026-01-05 02:10:54.339179992,16.498262405395508,13.90565299987793,4370.29,2026-01-05 02:05:00,Down,5.609999999999673,8.0,12.584558155536797,0.2879570498876916,10.888262405395835,5.90565299987793,2026-01-05 01:57:00,4375.9
Up,4380.022411800623,2026-01-05 02:24:27.318649291,11.600180625915527,19.455310821533203,4396.67,2026-01-05 02:37:00,Up,26.38000000000011,32.0,16.647588199377424,0.37864083953031324,14.779819374084582,12.544689178466797,2026-01-05 02:05:00,4370.29
Down,4379.178936972618,2026-01-05 02:46:36.586933135,16.594009399414062,9.609782218933105,4385.11,2026-01-05 02:47:00,Down,11.5600000000004,10.0,5.931063027381242,0.13525460085109023,5.034009399413662,0.39021778106689453,2026-01-05 02:37:00,4396.67
Up,4399.5858780145645,2026-01-05 03:06:29.386138916,14.069964408874512,19.489768981933594,4420.88,2026-01-05 03:05:00,Up,35.77000000000044,18.0,21.294121985435595,0.4816715673222434,21.700035591125925,1.4897689819335938,2026-01-05 02:47:00,4385.11
Down,4408.31397441864,2026-01-05 12:46:48.402099609,19.90453338623047,581.8067016601562,4394.48,2026-01-05 03:20:00,Down,26.400000000000546,15.0,13.833974418640537,0.3148034447452381,6.495466613770077,566.8067016601562,2026-01-05 03:05:00,4420.88
Up,4408.015044164657,2026-01-05 03:35:08.422851562,15.867895126342773,15.140380859375,4405.33,2026-01-05 03:26:00,Up,10.850000000000364,6.0,2.6850441646574836,0.0609498985242305,5.01789512634241,9.140380859375,2026-01-05 03:20:00,4394.48
Down,4393.298932672143,2026-01-05 03:39:39.659786224,11.693902015686035,13.660996437072754,4393.28,2026-01-05 03:31:00,Down,12.050000000000182,5.0,0.018932672142909723,0.0004309461755888476,0.35609798431414674,8.660996437072754,2026-01-05 03:26:00,4405.33
Up,4407.711098747253,2026-01-05 03:45:40.229358673,16.499711990356445,14.670489311218262,4406.84,2026-01-05 03:45:00,Up,13.5600000000004,14.0,0.8710987472531997,0.019766970147615973,2.939711990356045,0.6704893112182617,2026-01-05 03:31:00,4393.28
Down,4396.36715887785,2026-01-05 04:04:22.394371032,11.074377059936523,19.373239517211914,4391.62,2026-01-05 03:52:00,Down,15.220000000000255,7.0,4.74715887784987,0.10809584795246105,4.145622940063731,12.373239517211914,2026-01-05 03:45:00,4406.84
Up,4402.073161780834,2026-01-05 04:09:11.177101135,12.288363456726074,17.1862850189209,4404.97,2026-01-05 04:00:00,Up,13.350000000000364,8.0,2.8968382191660567,0.06576295001250988,1.0616365432742896,9.186285018920898,2026-01-05 03:52:00,4391.62
Down,4394.010359393358,2026-01-05 04:11:26.900539398,11.689850807189941,11.448342323303223,4388.74,2026-01-05 04:08:00,Down,16.230000000000473,8.0,5.270359393358376,0.12008821195510275,4.5401491928105315,3.4483423233032227,2026-01-05 04:00:00,4404.97
Up,4399.270015227795,2026-01-05 04:22:43.573265075,11.343560218811035,14.726221084594727,4406.9,2026-01-05 04:32:00,Up,18.159999999999854,24.0,7.629984772204807,0.17313723416017626,6.816439781188819,9.273778915405273,2026-01-05 04:08:00,4388.74
Down,4391.481433349847,2026-01-05 04:45:46.413230895,12.609480857849121,13.773553848266602,4398.77,2026-01-05 04:46:00,Down,8.1299999999992,14.0,7.288566650153371,0.1656955614899931,4.4794808578499214,0.22644615173339844,2026-01-05 04:32:00,4406.9
Up,4409.669643089772,2026-01-05 04:58:47.942733764,12.328656196594238,12.79904556274414,4413.97,2026-01-05 05:05:00,Up,15.199999999999818,19.0,4.300356910228402,0.0974260565936878,2.87134380340558,6.200954437255859,2026-01-05 04:46:00,4398.77
Down,4400.030800639392,2026-01-05 05:18:03.174018859,10.386995315551758,13.052900314331055,4403.58,2026-01-05 05:35:00,Down,10.390000000000327,30.0,3.549199360608327,0.0805980443323007,0.0030046844485696056,16.947099685668945,2026-01-05 05:05:00,4413.97
Up,4412.958714594841,2026-01-05 05:48:38.426227569,9.613333702087402,13.640437126159668,4410.74,2026-01-05 05:43:00,Up,7.1599999999998545,8.0,2.2187145948410034,0.05030254775482127,2.453333702087548,5.640437126159668,2026-01-05 05:35:00,4403.58
Down,4403.4566020298,2026-01-05 06:00:40.356559753,10.934406280517578,17.672609329223633,4397.35,2026-01-05 06:03:00,Down,13.389999999999418,20.0,6.106602029799433,0.13887004741035924,2.45559371948184,2.327390670776367,2026-01-05 05:43:00,4410.74
Up,4408.060031729937,2026-01-05 06:17:53.669357299,10.247723579406738,14.894489288330078,4408.39,2026-01-05 06:50:00,Up,11.039999999999964,47.0,0.3299682700635458,0.007485006318940605,0.7922764205932253,32.10551071166992,2026-01-05 06:03:00,4397.35
Down,4400.581020106673,2026-01-05 07:09:54.292488098,9.790188789367676,19.904874801635742,4403.55,2026-01-05 06:55:00,Down,4.8400000000001455,5.0,2.968979893326832,0.06742241812462291,4.95018878936753,14.904874801635742,2026-01-05 06:50:00,4408.39
Up,4412.792690187693,2026-01-05 07:12:53.586158752,9.592584609985352,17.893102645874023,4414.52,2026-01-05 07:31:00,Up,10.970000000000255,36.0,1.7273098123077943,0.03912791905592894,1.377415390014903,18.106897354125977,2026-01-05 06:55:00,4403.55
Down,4406.237849283219,2026-01-05 07:46:47.866401672,8.63745403289795,15.797773361206055,4401.08,2026-01-05 07:45:00,Down,13.44000000000051,14.0,5.1578492832186384,0.11719508128047296,4.80254596710256,1.7977733612060547,2026-01-05 07:31:00,4414.52
Up,4413.175272340774,2026-01-05 08:02:51.264152526,10.596668243408203,17.854402542114258,4426.4,2026-01-05 08:30:00,Up,25.31999999999971,45.0,13.22472765922521,0.2987693759991237,14.723331756591506,27.145597457885742,2026-01-05 07:45:00,4401.08
Down,4416.370878171921,2026-01-05 08:43:59.555683135,10.402950286865234,13.992594718933105,4416.15,2026-01-05 08:35:00,Down,10.25,5.0,0.22087817192095827,0.005001600306170721,0.15295028686523438,8.992594718933105,2026-01-05 08:30:00,4426.4
Up,4431.66910470128,2026-01-05 08:56:49.975547790,14.958953857421875,21.83292579650879,4423.96,2026-01-05 09:05:00,Up,7.8100000000004,30.0,7.709104701280012,0.1742580109512747,7.148953857421475,8.167074203491211,2026-01-05 08:35:00,4416.15
Down,4415.121686701775,2026-01-05 09:17:33.235187530,9.64140510559082,12.553919792175293,4416.77,2026-01-05 09:07:00,Down,7.1899999999996,2.0,1.6483132982257303,0.037319427958117136,2.4514051055912205,10.553919792175293,2026-01-05 09:05:00,4423.96
Up,4431.838476275206,2026-01-05 09:21:43.610858917,17.118026733398438,14.726847648620605,4423.27,2026-01-05 09:19:00,Up,6.5,12.0,8.568476275205285,0.19371361628852146,10.618026733398438,2.7268476486206055,2026-01-05 09:07:00,4416.77
Down,4414.410391523838,2026-01-05 09:34:46.090221405,12.913165092468262,15.768170356750488,4418.66,2026-01-05 09:30:00,Down,4.610000000000582,11.0,4.249608476161484,0.09617414501594339,8.30316509246768,4.768170356750488,2026-01-05 09:19:00,4423.27
Up,4431.149131522178,2026-01-05 09:44:27.965011596,10.208738327026367,14.466083526611328,4425.15,2026-01-05 09:44:00,Up,6.489999999999782,14.0,5.999131522178686,0.1355689981622925,3.7187383270265855,0.4660835266113281,2026-01-05 09:30:00,4418.66
Down,4417.3836017042395,2026-01-05 10:02:58.305587768,10.262053489685059,18.971759796142578,4420.0,2026-01-05 09:51:00,Down,5.149999999999636,7.0,2.6163982957605185,0.05919453157829228,5.112053489685422,11.971759796142578,2026-01-05 09:44:00,4425.15
Up,4429.956924915314,2026-01-05 10:07:48.293380737,9.98876667022705,16.804889678955078,4423.61,2026-01-05 10:00:00,Up,3.6099999999996726,9.0,6.346924915314048,0.14347840147106206,6.378766670227378,7.804889678955078,2026-01-05 09:51:00,4420.0
Down,4416.985085302591,2026-01-05 10:24:01.246376037,9.011855125427246,24.02077293395996,4419.42,2026-01-05 10:01:00,Down,4.1899999999996,1.0,2.4349146974091127,0.0550957975799791,4.821855125427646,23.02077293395996,2026-01-05 10:00:00,4423.61
Up,4436.1459867382055,2026-01-07 07:48:43.740234375,14.066401481628418,2747.72900390625,4430.12,2026-01-05 10:17:00,Up,10.699999999999818,16.0,6.0259867382055745,0.1360231040740561,3.3664014816286,2731.72900390625,2026-01-05 10:01:00,4419.42
Down,4423.146552255153,2026-01-05 10:33:01.056175231,12.816610336303711,16.017602920532227,4423.78,2026-01-05 10:30:00,Down,6.3400000000001455,13.0,0.6334477448463076,0.014319151152324657,6.476610336303565,3.0176029205322266,2026-01-05 10:17:00,4430.12
Up,4431.894949064254,2026-01-05 10:46:02.990341186,14.604703903198242,16.04983901977539,4433.77,2026-01-05 10:51:00,Up,9.990000000000691,21.0,1.8750509357460032,0.0422902165819608,4.614703903197551,4.950160980224609,2026-01-05 10:30:00,4423.78
Down,4426.849739736319,2026-01-05 11:02:23.520355224,13.028802871704102,11.392005920410156,4426.22,2026-01-05 11:12:00,Down,7.550000000000182,21.0,0.6297397363186974,0.014227483864758132,5.47880287170392,9.607994079589844,2026-01-05 10:51:00,4433.77
Up,4432.998675119877,2026-01-05 11:26:38.576774597,5.7579803466796875,14.642946243286133,4434.51,2026-01-05 11:25:00,Up,8.289999999999964,13.0,1.5113248801235386,0.03408098933418886,2.532019653320276,1.6429462432861328,2026-01-05 11:12:00,4426.22
Down,4427.283826784492,2026-01-05 11:38:44.867649078,8.450333595275879,13.747794151306152,4430.94,2026-01-05 11:37:00,Down,3.5700000000006185,12.0,3.656173215507806,0.08251461801576655,4.8803335952752604,1.7477941513061523,2026-01-05 11:25:00,4434.51
Up,4443.910177137851,2026-01-05 11:55:34.031982421,10.440852165222168,18.56719970703125,4438.26,2026-01-05 11:45:00,Up,7.3200000000006185,8.0,5.650177137850733,0.12730613208443697,3.1208521652215495,10.56719970703125,2026-01-05 11:37:00,4430.94
Down,4431.426379194259,2026-01-05 12:03:48.948097229,18.387771606445312,18.8158016204834,4430.84,2026-01-05 12:06:00,Down,7.420000000000073,21.0,0.5863791942592798,0.01323404127116483,10.96777160644524,2.1841983795166016,2026-01-05 11:45:00,4438.26
Up,4438.237403025627,2026-01-05 12:20:33.874340057,7.7121806144714355,14.56457233428955,4438.96,2026-01-05 12:38:00,Up,8.11999999999989,32.0,0.7225969743731184,0.01627851961660205,0.4078193855284553,17.43542766571045,2026-01-05 12:06:00,4430.84
Down,4432.022114171982,2026-01-05 12:55:25.872230529,7.802163124084473,17.431203842163086,4434.26,2026-01-05 12:46:00,Down,4.699999999999818,8.0,2.2378858280180793,0.050468078732823045,3.1021631240846546,9.431203842163086,2026-01-05 12:38:00,4438.96
Up,4442.003534414768,2026-01-05 12:56:47.095584869,7.622978687286377,10.784926414489746,4439.86,2026-01-05 12:54:00,Up,5.599999999999454,8.0,2.14353441476851,0.048279324455467294,2.0229786872869226,2.784926414489746,2026-01-05 12:46:00,4434.26
Down,4432.194016294479,2026-01-05 13:06:41.471500396,8.790410995483398,12.691191673278809,4430.16,2026-01-05 13:05:00,Down,9.699999999999818,11.0,2.034016294479443,0.04591293078533152,0.9095890045164197,1.6911916732788086,2026-01-05 12:54:00,4439.86
Up,4443.128422050476,2026-01-05 13:20:04.237976074,10.77326488494873,15.070632934570312,4433.8,2026-01-05 13:15:00,Up,3.6400000000003274,10.0,9.328422050475638,0.21039338830068197,7.133264884948403,5.0706329345703125,2026-01-05 13:05:00,4430.16
Down,4426.396862351895,2026-01-05 13:30:38.703975677,11.680480003356934,15.645066261291504,4411.08,2026-01-05 13:27:00,Down,22.720000000000255,12.0,15.316862351894997,0.34723610435301555,11.039519996643321,3.645066261291504,2026-01-05 13:15:00,4433.8
Up,4419.805817384719,2026-01-05 13:43:05.103492736,10.958057403564453,16.085058212280273,4426.13,2026-01-05 13:50:00,Up,15.050000000000182,23.0,6.324182615280733,0.1428828935273192,4.091942596435729,6.914941787719727,2026-01-05 13:27:00,4411.08
Down,4411.345908344388,2026-01-05 14:06:57.295761108,11.580893516540527,16.95492935180664,4405.62,2026-01-05 14:50:00,Down,20.51000000000022,60.0,5.72590834438779,0.12996827562040736,8.929106483459691,43.04507064819336,2026-01-05 13:50:00,4426.13
Up,4416.848579950332,2026-01-05 15:06:00.286788940,10.371129035949707,16.004779815673828,4419.06,2026-01-05 15:06:00,Up,13.44000000000051,16.0,2.2114200496680496,0.05004277040067456,3.0688709640508023,0.004779815673828125,2026-01-05 14:50:00,4405.62
Down,4403.598625359536,2026-01-05 15:20:26.990661621,12.63848876953125,14.449844360351562,4407.5,2026-01-05 15:11:00,Down,11.5600000000004,5.0,3.9013746404643825,0.08851672468438758,1.0784887695308498,9.449844360351562,2026-01-05 15:06:00,4419.06
Up,4417.901639640331,2026-01-05 15:23:53.112659454,13.429625511169434,12.885210990905762,4413.25,2026-01-05 15:20:00,Up,5.75,9.0,4.651639640331268,0.10540167994859272,7.679625511169434,3.8852109909057617,2026-01-05 15:11:00,4407.5
Down,4395.835550755262,2026-01-05 15:32:21.861591339,16.067325592041016,12.364359855651855,4396.38,2026-01-05 15:30:00,Down,16.86999999999989,10.0,0.5444492447377343,0.012384035154780391,0.8026744079588752,2.3643598556518555,2026-01-05 15:20:00,4413.25
Up,4406.828769099712,2026-01-05 15:49:59.668235778,16.951358795166016,19.994470596313477,4415.17,2026-01-05 15:49:00,Up,18.789999999999964,19.0,8.341230900287883,0.18892207775211106,1.838641204833948,0.9944705963134766,2026-01-05 15:30:00,4396.38
Down,4397.212960825563,2026-01-05 16:06:04.798278808,16.433834075927734,17.079971313476562,4411.41,2026-01-05 15:55:00,Down,3.7600000000002183,6.0,14.197039174437123,0.3218254293850974,12.673834075927516,11.079971313476562,2026-01-05 15:49:00,4415.17
Up,4419.469127122164,2026-01-05 16:08:19.868659973,9.77891731262207,13.331144332885742,4429.79,2026-01-05 16:21:00,Up,18.38000000000011,26.0,10.320872877836337,0.2329878589693041,8.601082687378039,12.668855667114258,2026-01-05 15:55:00,4411.41
Down,4420.412495315075,2026-01-05 16:36:52.567119598,11.255133628845215,15.876118659973145,4418.09,2026-01-05 16:30:00,Down,11.699999999999818,9.0,2.322495315074775,0.05256785885019941,0.44486637115460326,6.8761186599731445,2026-01-05 16:21:00,4429.79
Up,4430.951461377144,2026-01-05 16:48:54.112701416,12.673558235168457,18.901878356933594,4427.41,2026-01-05 16:34:00,Up,9.319999999999709,4.0,3.5414613771445147,0.07998946059083109,3.353558235168748,14.901878356933594,2026-01-05 16:30:00,4418.09
Down,4416.025604197979,2026-01-05 16:51:24.217872619,14.602859497070312,17.40363121032715,4417.9,2026-01-05 16:36:00,Down,9.510000000000218,2.0,1.8743958020204445,0.04242730261030002,5.092859497070094,15.403631210327148,2026-01-05 16:34:00,4427.41
Up,4429.774483978748,2026-01-05 16:53:41.136817932,16.648033142089844,17.68561363220215,4455.78,2026-01-05 17:07:00,Up,37.88000000000011,31.0,26.005516021251424,0.58363554801295,21.231966857910265,13.314386367797852,2026-01-05 16:36:00,4417.9
Down,4439.937312598228,2026-01-05 17:22:14.391574859,15.405397415161133,15.239859580993652,4435.76,2026-01-05 17:38:00,Down,20.019999999999527,31.0,4.177312598228127,0.09417354857404654,4.614602584838394,15.760140419006348,2026-01-05 17:07:00,4455.78
Up,4448.659151973725,2026-01-05 17:53:46.963691711,16.635068893432617,15.78272819519043,4451.45,2026-01-05 18:01:00,Up,15.6899999999996,23.0,2.7908480262749435,0.0626952571920373,0.9450688934330174,7.21727180480957,2026-01-05 17:38:00,4435.76
Down,4437.848802405596,2026-01-05 18:17:30.994033813,18.843233108520508,16.51656723022461,4438.46,2026-01-05 18:08:00,Down,12.989999999999782,7.0,0.6111975944040751,0.013770487835962814,5.853233108520726,9.51656723022461,2026-01-05 18:01:00,4451.45
Up,4452.571777145863,2026-01-05 18:23:08.931255340,12.328813552856445,15.14885425567627,4448.77,2026-01-05 18:16:00,Up,10.3100000000004,8.0,3.8017771458626157,0.08545681493677164,2.018813552856045,7.1488542556762695,2026-01-05 18:08:00,4438.46
Down,4438.029661431313,2026-01-05 18:30:41.663188934,11.118767738342285,14.69438648223877,4440.31,2026-01-05 18:30:00,Down,8.460000000000036,14.0,2.2803385686875117,0.05135539114808452,2.6587677383422488,0.6943864822387695,2026-01-05 18:16:00,4448.77
Up,4454.332909703255,2026-01-05 18:51:39.910469055,9.639166831970215,21.66517448425293,4454.43,2026-01-05 18:54:00,Up,14.11999999999989,24.0,0.09709029674559133,0.0021796345827769506,4.480833168029676,2.3348255157470703,2026-01-05 18:30:00,4440.31
Down,4443.774499159455,2026-01-05 19:13:46.404533386,10.10007381439209,19.773408889770508,4432.4,2026-01-05 19:05:00,Down,22.030000000000655,11.0,11.374499159455809,0.256621675829253,11.929926185608565,8.773408889770508,2026-01-05 18:54:00,4454.43
Up,4442.069413566589,2026-01-05 19:20:53.009605407,10.532442092895508,15.883493423461914,4449.13,2026-01-05 19:26:00,Up,16.730000000000473,21.0,7.0605864334111175,0.15869588961012865,6.197557907104965,5.116506576538086,2026-01-05 19:05:00,4432.4
Down,4436.242619244456,2026-01-05 19:43:24.378890991,9.169346809387207,17.406314849853516,4437.84,2026-01-05 19:44:00,Down,11.289999999999964,18.0,1.5973807555437816,0.03599455490832886,2.1206531906127566,0.5936851501464844,2026-01-05 19:26:00,4449.13
Up,4449.523137245178,2026-01-05 20:00:56.574668884,11.157529830932617,16.94291114807129,4445.75,2026-01-05 19:57:00,Up,7.9099999999998545,13.0,3.773137245178077,0.08487065726093633,3.2475298309327627,3.942911148071289,2026-01-05 19:44:00,4437.84
Down,4436.717111229897,2026-01-05 20:13:24.255409240,8.752469062805176,16.40425682067871,4441.89,2026-01-05 20:01:00,Down,3.8599999999996726,4.0,5.172888770103782,0.11645693094839767,4.892469062805503,12.404256820678711,2026-01-05 19:57:00,4445.75
Up,4451.886705211401,2026-01-05 20:15:23.314247131,7.57174015045166,14.388570785522461,4448.59,2026-01-05 20:16:00,Up,6.699999999999818,15.0,3.2967052114008766,0.07410674419087569,0.871740150451842,0.6114292144775391,2026-01-05 20:01:00,4441.89
Down,4441.031180042624,2026-01-05 20:29:52.410678863,8.530487060546875,13.87351131439209,4439.88,2026-01-05 20:29:00,Down,8.710000000000036,13.0,1.151180042624219,0.02592817919908238,0.17951293945316138,0.8735113143920898,2026-01-05 20:16:00,4448.59
Up,4448.5135328292845,2026-01-05 20:48:36.334304809,8.332422256469727,19.605571746826172,4449.24,2026-01-05 21:00:00,Up,9.359999999999673,31.0,0.7264671707152957,0.01632789354396022,1.027577743529946,11.394428253173828,2026-01-05 20:29:00,4439.88
Down,4442.458158810138,2026-01-05 21:14:22.617130279,7.2499284744262695,14.376952171325684,4435.14,2026-01-05 21:10:00,Down,14.099999999999454,10.0,7.318158810137902,0.16500400912119803,6.850071525573185,4.376952171325684,2026-01-05 21:00:00,4449.24
Up,4445.721070997715,2026-01-05 21:25:57.834491729,12.580960273742676,15.963908195495605,4445.86,2026-01-05 21:34:00,Up,10.719999999999345,24.0,0.1389290022843852,0.0031249072684336712,1.8609602737433306,8.036091804504395,2026-01-05 21:10:00,4435.14
Down,4437.659763578176,2026-01-05 21:52:08.747520446,8.44166374206543,18.14579200744629,4438.66,2026-01-05 21:56:00,Down,7.199999999999818,22.0,1.0002364218235016,0.02253464833583788,1.2416637420656116,3.854207992553711,2026-01-05 21:34:00,4445.86
Up,4446.420742452145,2026-01-05 22:12:15.480194091,8.965618133544922,16.25800323486328,4447.0,2026-01-05 22:21:00,Up,8.340000000000146,25.0,0.5792575478553772,0.013025804988877381,0.6256181335447764,8.741996765136719,2026-01-05 21:56:00,4438.66
Down,4440.4015501737595,2026-01-05 22:34:11.359577178,7.165927886962891,13.189326286315918,4438.07,2026-01-05 22:44:00,Down,8.930000000000291,23.0,2.3315501737597515,0.05253522755972194,1.7640721130374004,9.810673713684082,2026-01-05 22:21:00,4447.0
Up,4446.761384072303,2026-01-05 22:57:02.124824523,7.293705463409424,13.03541374206543,4448.24,2026-01-05 23:10:00,Up,10.170000000000073,26.0,1.47861592769641,0.03324047101092589,2.876294536590649,12.96458625793457,2026-01-05 22:44:00,4438.07
Down,4441.766975431442,2026-01-05 23:25:22.315635681,7.68770694732666,15.371927261352539,4443.46,2026-01-05 23:19:00,Down,4.779999999999745,9.0,1.6930245685580303,0.03810149227309417,2.907706947326915,6.371927261352539,2026-01-05 23:10:00,4448.24
Up,4454.31888504982,2026-01-05 23:34:15.161762237,7.512770652770996,15.25269603729248,4448.37,2026-01-05 23:34:00,Up,4.9099999999998545,15.0,5.948885049820092,0.13373179501300683,2.6027706527711416,0.25269603729248047,2026-01-05 23:19:00,4443.46
Down,4442.609492021799,2026-01-05 23:52:28.450241088,6.4441351890563965,18.474170684814453,4445.29,2026-01-05 23:47:00,Down,3.0799999999999272,13.0,2.680507978200694,0.060299957442612157,3.3641351890564692,5.474170684814453,2026-01-05 23:34:00,4448.37
Up,4469.291660343409,2026-01-06 00:02:26.897621154,10.085834503173828,15.448293685913086,4460.09,2026-01-06 01:10:00,Up,14.800000000000182,83.0,9.201660343408548,0.20631109110821863,4.714165496826354,67.55170631408691,2026-01-05 23:47:00,4445.29
Down,4450.040903529525,2026-01-06 01:26:15.686645507,19.842769622802734,16.261444091796875,4436.76,2026-01-06 02:01:00,Down,23.329999999999927,51.0,13.280903529524949,0.29933788461681377,3.487230377197193,34.738555908203125,2026-01-06 01:10:00,4460.09
Up,4447.60039604187,2026-01-06 02:19:12.159347534,12.129289627075195,18.202655792236328,4444.78,2026-01-06 02:31:00,Up,8.019999999999527,30.0,2.820396041870481,0.06345412015601405,4.109289627075668,11.797344207763672,2026-01-06 02:01:00,4436.76
Down,4434.365620057582,2026-01-06 02:55:08.751983642,6.9762654304504395,24.14586639404297,4430.46,2026-01-06 02:40:00,Down,14.319999999999709,9.0,3.9056200575823823,0.08815382731324473,7.3437345695492695,15.145866394042969,2026-01-06 02:31:00,4444.78
Up,4441.974769663811,2026-01-06 03:05:45.180702209,17.20258140563965,25.75301170349121,4438.21,2026-01-06 02:48:00,Up,7.75,8.0,3.7647696638105117,0.08482630753863633,9.452581405639648,17.75301170349121,2026-01-06 02:40:00,4430.46
Down,4424.563281779885,2026-01-06 03:07:48.236503601,18.79886817932129,19.80394172668457,4434.68,2026-01-06 02:54:00,Down,3.5299999999997453,6.0,10.116718220115217,0.2281273557531821,15.268868179321544,13.80394172668457,2026-01-06 02:48:00,4438.21
Up,4446.661966757774,2026-01-06 03:13:44.249382019,15.588434219360352,19.737489700317383,4440.24,2026-01-06 03:00:00,Up,5.559999999999491,6.0,6.4219667577744985,0.14463107304502681,10.02843421936086,13.737489700317383,2026-01-06 02:54:00,4434.68
Down,4429.237069730759,2026-01-06 03:16:31.963920593,13.399072647094727,16.532732009887695,4428.06,2026-01-06 03:03:00,Down,12.179999999999382,3.0,1.177069730758376,0.026582063719967117,1.219072647095345,13.532732009887695,2026-01-06 03:00:00,4440.24
Up,4439.3188514971735,2026-01-06 03:16:31.875114440,16.545297622680664,13.531251907348633,4444.21,2026-01-06 03:15:00,Up,16.149999999999636,12.0,4.8911485028265815,0.11005664680171687,0.39529762268102786,1.5312519073486328,2026-01-06 03:03:00,4428.06
Down,4428.019053682089,2026-01-06 03:31:53.333129882,19.28115463256836,16.888885498046875,4432.78,2026-01-06 03:34:00,Down,11.430000000000291,19.0,4.760946317910566,0.10740317177731731,7.851154632568068,2.111114501953125,2026-01-06 03:15:00,4444.21
Up,4444.531194195747,2026-01-06 03:49:52.048416137,19.615835189819336,15.867473602294922,4460.98,2026-01-06 04:30:00,Up,28.199999999999818,56.0,16.448805804252515,0.36872628445436917,8.584164810180482,40.13252639770508,2026-01-06 03:34:00,4432.78
Down,4448.70069708228,2026-01-06 04:45:01.457347869,11.697049140930176,15.02428913116455,4448.9,2026-01-06 04:41:00,Down,12.079999999999927,11.0,0.19930291771925113,0.004479824624497092,0.38295085906975146,4.024289131164551,2026-01-06 04:30:00,4460.98
Up,4461.408309662342,2026-01-06 04:54:58.344097137,10.564998626708984,13.97240161895752,4457.55,2026-01-06 04:49:00,Up,8.650000000000546,8.0,3.858309662341526,0.08655673323555597,1.9149986267084387,5.9724016189575195,2026-01-06 04:41:00,4448.9
Down,4447.713865175843,2026-01-06 05:04:54.446697235,13.207077980041504,15.907444953918457,4451.88,2026-01-06 04:57:00,Down,5.670000000000073,8.0,4.16613482415687,0.09358147174130638,7.537077980041431,7.907444953918457,2026-01-06 04:49:00,4457.55
Up,4465.744679932594,2026-01-06 05:11:24.338893890,13.440656661987305,14.405648231506348,4468.06,2026-01-06 05:24:00,Up,16.18000000000029,27.0,2.3153200674059917,0.051819359350724736,2.7393433380129864,12.594351768493652,2026-01-06 04:57:00,4451.88
Down,4455.976126582623,2026-01-06 05:37:42.630100250,13.805612564086914,13.710501670837402,4464.66,2026-01-06 05:50:00,Down,3.4000000000005457,26.0,8.683873417377072,0.19450245746321268,10.405612564086368,12.289498329162598,2026-01-06 05:24:00,4468.06
Up,4474.118240611553,2026-01-06 06:05:27.417182922,10.885000228881836,15.456953048706055,4468.12,2026-01-06 05:55:00,Up,3.4600000000000364,5.0,5.9982406115532285,0.13424528910488592,7.4250002288818,10.456953048706055,2026-01-06 05:50:00,4464.66
Down,4460.022252631187,2026-01-06 06:09:45.945796966,9.338665962219238,14.765763282775879,4464.73,2026-01-06 06:07:00,Down,3.3900000000003274,12.0,4.707747368812306,0.10544304736932147,5.948665962218911,2.765763282775879,2026-01-06 05:55:00,4468.12
Up,4473.555558764934,2026-01-06 06:21:59.088993072,5.772101402282715,14.984816551208496,4468.55,2026-01-06 06:12:00,Up,3.8200000000006185,5.0,5.005558764933994,0.11201751720209002,1.9521014022820964,9.984816551208496,2026-01-06 06:07:00,4464.73
Down,4462.1555571794515,2026-01-06 06:28:58.281326293,14.632828712463379,16.971355438232422,4463.25,2026-01-06 06:15:00,Down,5.300000000000182,3.0,1.0944428205484655,0.02452120810056496,9.332828712463197,13.971355438232422,2026-01-06 06:12:00,4468.55
Up,4479.29695558548,2026-01-06 06:43:24.960136413,18.1599178314209,28.41600227355957,4466.37,2026-01-06 06:34:00,Up,3.119999999999891,19.0,12.926955585479845,0.2894286766541922,15.039917831421008,9.41600227355957,2026-01-06 06:15:00,4463.25
Down,4458.887721937895,2026-01-06 07:23:04.422683715,18.346946716308594,49.07371139526367,4461.96,2026-01-06 06:43:00,Down,4.4099999999998545,9.0,3.072278062105397,0.06885489923946869,13.93694671630874,40.07371139526367,2026-01-06 06:34:00,4466.37
Up,4478.248058652878,2026-01-06 07:02:18.611297607,15.3240385055542,19.31018829345703,4469.54,2026-01-06 07:05:00,Up,7.579999999999927,22.0,8.708058652878208,0.1948312052890948,7.744038505554272,2.6898117065429688,2026-01-06 06:43:00,4461.96
Down,4460.444122339487,2026-01-06 07:20:21.923217773,11.551137924194336,15.365386962890625,4466.92,2026-01-06 07:15:00,Down,2.619999999999891,10.0,6.475877660513106,0.14497411327073478,8.931137924194445,5.365386962890625,2026-01-06 07:05:00,4469.54
Up,4478.2254726743695,2026-01-06 07:40:17.036933898,10.557388305664062,25.28394889831543,4474.15,2026-01-06 07:31:00,Up,7.229999999999563,16.0,4.075472674369848,0.09108931695114936,3.327388305664499,9.28394889831543,2026-01-06 07:15:00,4466.92
Down,4466.149062997102,2026-01-06 07:46:16.936054229,8.207099914550781,15.282267570495605,4449.56,2026-01-06 07:57:00,Down,24.589999999999236,26.0,16.58906299710179,0.37282479609448554,16.382900085448455,10.717732429504395,2026-01-06 07:31:00,4474.15
Up,4460.802440247536,2026-01-06 08:16:14.791831970,18.32416534423828,19.246530532836914,4465.82,2026-01-06 08:37:00,Up,16.25999999999931,40.0,5.017559752463967,0.11235472438351675,2.0641653442389725,20.753469467163086,2026-01-06 07:57:00,4449.56
Down,4450.163878332376,2026-01-06 08:54:35.848274230,13.23787784576416,17.597471237182617,4461.23,2026-01-06 08:46:00,Down,4.5900000000001455,9.0,11.06612166762352,0.24805091124249415,8.647877845764015,8.597471237182617,2026-01-06 08:37:00,4465.82
Up,4471.454772450924,2026-01-06 09:01:45.457592010,17.804445266723633,15.7576265335083,4470.48,2026-01-06 09:09:00,Up,9.25,23.0,0.9747724509243199,0.021804648514797517,8.554445266723633,7.242373466491699,2026-01-06 08:46:00,4461.23
Down,4463.5341514062875,2026-01-06 09:24:10.931167602,9.677166938781738,15.182186126708984,4461.66,2026-01-06 09:26:00,Down,8.819999999999709,17.0,1.8741514062876377,0.042005697571926986,0.8571669387820293,1.8178138732910156,2026-01-06 09:09:00,4470.48
Up,4474.423847908974,2026-01-06 09:40:33.018436431,8.720789909362793,14.550307273864746,4467.25,2026-01-06 09:32:00,Up,5.5900000000001455,6.0,7.173847908973585,0.16058756301916358,3.1307899093626474,8.550307273864746,2026-01-06 09:26:00,4461.66
Down,4457.625978708267,2026-01-06 09:46:17.468090057,13.11240005493164,14.29113483428955,4457.25,2026-01-06 09:56:00,Down,10.0,24.0,0.3759787082672119,0.008435216967125738,3.1124000549316406,9.70886516571045,2026-01-06 09:32:00,4467.25
Up,4468.960857152939,2026-01-06 10:12:37.318267822,11.967355728149414,16.621971130371094,4475.73,2026-01-06 10:27:00,Up,18.479999999999563,31.0,6.769142847060721,0.1512410902145733,6.512644271850149,14.378028869628906,2026-01-06 09:56:00,4457.25
Down,4465.056893935203,2026-01-06 10:45:08.633193969,12.386149406433105,18.14388656616211,4464.53,2026-01-06 10:41:00,Down,11.199999999999818,14.0,0.5268939352035886,0.011801778355248788,1.1861494064332874,4.143886566162109,2026-01-06 10:27:00,4475.73
Up,4473.545695834159,2026-01-06 10:57:44.164352416,12.035064697265625,16.736072540283203,4469.45,2026-01-06 10:58:00,Up,4.920000000000073,17.0,4.0956958341594145,0.09163758033224255,7.115064697265552,0.2639274597167969,2026-01-06 10:41:00,4464.53
Down,4462.163161358237,2026-01-06 11:15:30.182418823,8.408379554748535,17.503040313720703,4442.54,2026-01-06 12:03:00,Down,26.909999999999854,65.0,19.623161358236757,0.4417104034682132,18.50162044525132,47.4969596862793,2026-01-06 10:58:00,4469.45
Up,4452.784428367615,2026-01-06 12:20:07.212982177,10.399867057800293,17.120216369628906,4452.69,2026-01-06 12:19:00,Up,10.149999999999636,16.0,0.09442836761536455,0.0021207038355547897,0.24986705780065677,1.1202163696289062,2026-01-06 12:03:00,4442.54
Down,4444.632160064578,2026-01-06 12:31:36.034526824,6.8146138191223145,12.60057544708252,4448.52,2026-01-06 12:30:00,Down,4.169999999999163,11.0,3.887839935422562,0.0873962561800905,2.644613819123151,1.6005754470825195,2026-01-06 12:19:00,4452.69
Up,4455.999950737953,2026-01-06 12:43:49.541301727,9.701851844787598,13.825688362121582,4456.08,2026-01-06 12:38:00,Up,7.559999999999491,8.0,0.08004926204648655,0.0017964054066912296,2.141851844788107,5.825688362121582,2026-01-06 12:30:00,4448.52
Down,4446.742193026543,2026-01-06 12:53:39.145717620,8.22751235961914,15.65242862701416,4449.42,2026-01-06 12:43:00,Down,6.6599999999998545,5.0,2.6778069734573364,0.06018328171890576,1.5675123596192861,10.65242862701416,2026-01-06 12:38:00,4456.08
Up,4457.695491099357,2026-01-06 12:58:44.853115081,6.267502784729004,15.747551918029785,4453.3,2026-01-06 12:57:00,Up,3.880000000000109,14.0,4.395491099357059,0.09870188622722609,2.3875027847288948,1.7475519180297852,2026-01-06 12:43:00,4449.42
Down,4445.795554828644,2026-01-06 13:11:10.712242126,6.677646636962891,14.178537368774414,4448.72,2026-01-06 13:18:00,Down,4.579999999999927,21.0,2.9244451713566377,0.06573677757549672,2.0976466369629634,6.821462631225586,2026-01-06 12:57:00,4453.3
Up,4459.369001312256,2026-01-06 13:36:28.818855285,9.281209945678711,18.480314254760742,4464.65,2026-01-06 14:01:00,Up,15.929999999999382,43.0,5.280998687743704,0.11828471857242347,6.648790054320671,24.519685745239258,2026-01-06 13:18:00,4448.72
Down,4455.75966758728,2026-01-06 14:13:21.273021697,7.424855709075928,12.3545503616333,4461.7,2026-01-06 14:04:00,Down,2.949999999999818,3.0,5.940332412719727,0.1331405610578866,4.47485570907611,9.3545503616333,2026-01-06 14:01:00,4464.65
Up,4470.019073879718,2026-01-06 16:41:24.589233398,10.894257545471191,157.40982055664062,4464.82,2026-01-06 14:18:00,Up,3.119999999999891,14.0,5.199073879718526,0.11644531872994938,7.7742575454713005,143.40982055664062,2026-01-06 14:04:00,4461.7
Down,4456.3734900438785,2026-01-06 14:31:52.368850708,12.175117492675781,13.872814178466797,4461.5,2026-01-06 14:20:00,Down,3.319999999999709,2.0,5.126509956121481,0.1149055240641372,8.855117492676072,11.872814178466797,2026-01-06 14:18:00,4464.82
Up,4479.339919865131,2026-01-08 12:07:48.120117187,24.092992782592773,2747.802001953125,4466.36,2026-01-06 14:30:00,Up,4.859999999999673,10.0,12.979919865131706,0.29061517354471444,19.2329927825931,2737.802001953125,2026-01-06 14:20:00,4461.5
Down,4460.50724560976,2026-01-06 14:39:37.132930755,5.953539848327637,9.618882179260254,4458.85,2026-01-06 14:41:00,Down,7.509999999999309,11.0,1.6572456097592294,0.037167556875858786,1.556460151671672,1.381117820739746,2026-01-06 14:30:00,4466.36
Up,4467.805855804682,2026-01-06 14:56:39.525318145,8.241262435913086,15.6587553024292,4465.14,2026-01-06 15:00:00,Up,6.289999999999964,19.0,2.6658558046819962,0.059703745116211265,1.9512624359131223,3.341244697570801,2026-01-06 14:41:00,4458.85
Down,4457.050314831734,2026-01-06 15:12:13.054904937,10.807903289794922,12.217581748962402,4459.76,2026-01-06 15:02:00,Down,5.380000000000109,2.0,2.7096851682663328,0.06075854234905763,5.427903289794813,10.217581748962402,2026-01-06 15:00:00,4465.14
Up,4468.621987524033,2026-01-06 15:16:44.905986785,9.883959770202637,14.748433113098145,4470.45,2026-01-06 15:17:00,Up,10.6899999999996,15.0,1.828012475966716,0.040891017145180376,0.8060402297969631,0.25156688690185547,2026-01-06 15:02:00,4459.76
Down,4462.050660985708,2026-01-06 15:30:15.630798339,11.448856353759766,13.260513305664062,4455.68,2026-01-06 15:31:00,Down,14.769999999999527,14.0,6.3706609857081276,0.14297842272578207,3.3211436462397614,0.7394866943359375,2026-01-06 15:17:00,4470.45
Up,4469.733921356202,2026-01-06 15:50:35.000495910,20.374439239501953,19.583341598510742,4463.81,2026-01-06 15:46:00,Up,8.13000000000011,15.0,5.92392135620139,0.13270997995437506,12.244439239501844,4.583341598510742,2026-01-06 15:31:00,4455.68
Down,4453.544726105929,2026-01-06 16:00:16.915454864,17.340702056884766,14.2819242477417,4454.46,2026-01-06 15:50:00,Down,9.350000000000364,4.0,0.915273894071106,0.02054735914277165,7.990702056884402,10.2819242477417,2026-01-06 15:46:00,4463.81
Up,4465.381875629425,2026-01-06 16:06:50.852050781,13.032368659973145,16.8475341796875,4473.4,2026-01-06 16:16:00,Up,18.9399999999996,26.0,8.018124370574697,0.17924004941598554,5.907631340026455,9.1524658203125,2026-01-06 15:50:00,4454.46
Down,4462.339162957668,2026-01-06 16:30:25.140323638,12.646305084228516,14.419005393981934,4464.56,2026-01-06 16:20:00,Down,8.839999999999236,4.0,2.2208370423322776,0.04974369349571464,3.8063050842292796,10.419005393981934,2026-01-06 16:16:00,4473.4
Up,4473.979709138871,2026-01-06 16:39:07.000236511,13.737504959106445,19.116670608520508,4490.94,2026-01-06 17:00:00,Up,26.3799999999992,40.0,16.96029086112867,0.3776556992774045,12.642495040892754,20.883329391479492,2026-01-06 16:20:00,4464.56
Down,4478.568592611551,2026-01-06 17:13:00.979328155,11.763362884521484,13.016322135925293,4473.98,2026-01-06 17:20:00,Down,16.960000000000036,20.0,4.588592611551576,0.10256175958657786,5.196637115478552,6.983677864074707,2026-01-06 17:00:00,4490.94
Up,4486.461222147941,2026-01-06 17:38:16.152763366,14.466176986694336,18.26921272277832,4482.0,2026-01-06 17:30:00,Up,8.020000000000437,10.0,4.461222147941044,0.09953641561671227,6.446176986693899,8.26921272277832,2026-01-06 17:20:00,4473.98
Down,4471.102498054504,2026-01-06 17:40:21.842536926,9.184700012207031,10.364042282104492,4463.22,2026-01-06 17:37:00,Down,18.779999999999745,7.0,7.88249805450414,0.17661011678797237,9.595299987792714,3.364042282104492,2026-01-06 17:30:00,4482.0
Up,4475.086473634244,2026-01-06 17:51:27.296047210,13.895962715148926,14.454934120178223,4483.1,2026-01-06 18:01:00,Up,19.88000000000011,24.0,8.013526365756661,0.17874966799216302,5.984037284851183,9.545065879821777,2026-01-06 17:37:00,4463.22
Down,4468.905614471436,2026-01-06 18:16:20.507469177,16.776470184326172,15.341791152954102,4471.63,2026-01-06 18:06:00,Down,11.470000000000255,5.0,2.7243855285641985,0.060926005250081024,5.306470184325917,10.341791152954102,2026-01-06 18:01:00,4483.1
Up,4484.178761585951,2026-01-06 18:20:09.678611755,11.851696968078613,14.161310195922852,4488.93,2026-01-06 18:41:00,Up,17.300000000000182,35.0,4.751238414049112,0.10584345075661933,5.448303031921569,20.83868980407715,2026-01-06 18:06:00,4471.63
Down,4478.007621670961,2026-01-06 18:53:49.848575592,13.759146690368652,12.830809593200684,4484.42,2026-01-06 18:50:00,Down,4.510000000000218,9.0,6.412378329038802,0.14299236755341388,9.249146690368434,3.8308095932006836,2026-01-06 18:41:00,4488.93
Up,4495.458635799885,2026-01-06 19:08:30.267906188,11.173393249511719,18.504465103149414,4490.29,2026-01-06 19:17:00,Up,5.869999999999891,27.0,5.168635799885124,0.11510694854642181,5.303393249511828,8.495534896850586,2026-01-06 18:50:00,4484.42
Down,4482.395895069241,2026-01-06 19:28:21.685295104,7.217228889465332,11.361421585083008,4486.0,2026-01-06 19:28:00,Down,4.289999999999964,11.0,3.6041049307586945,0.08034117099328343,2.9272288894653684,0.3614215850830078,2026-01-06 19:17:00,4490.29
Up,4495.514144182205,2026-01-06 19:47:12.959289550,9.793672561645508,19.215988159179688,4489.86,2026-01-06 19:37:00,Up,3.8599999999996726,9.0,5.654144182205528,0.125931413946215,5.933672561645835,10.215988159179688,2026-01-06 19:28:00,4486.0
Down,4482.017498162984,2026-01-06 19:53:03.770828247,7.607316017150879,16.062847137451172,4481.66,2026-01-06 19:44:00,Down,8.199999999999818,7.0,0.3574981629844842,0.007976913977956477,0.5926839828489392,9.062847137451172,2026-01-06 19:37:00,4489.86
Up,4489.592091476917,2026-01-06 20:04:37.132530212,10.21962833404541,20.61887550354004,4494.16,2026-01-06 20:19:00,Up,12.5,35.0,4.567908523083133,0.10164098570329347,2.28037166595459,14.381124496459961,2026-01-06 19:44:00,4481.66
Down,4486.2794497919085,2026-01-06 20:37:45.684356689,9.259061813354492,18.76140594482422,4482.32,2026-01-06 20:34:00,Down,11.840000000000146,15.0,3.95944979190881,0.08833483088911122,2.5809381866456533,3.7614059448242188,2026-01-06 20:19:00,4494.16
Up,4493.250340042114,2026-01-06 20:54:55.765914916,10.850520133972168,20.929431915283203,4490.42,2026-01-06 20:51:00,Up,8.100000000000364,17.0,2.8303400421136757,0.06303063058942539,2.750520133971804,3.929431915283203,2026-01-06 20:34:00,4482.32
Down,4481.693810669184,2026-01-06 21:03:04.390640258,8.400059700012207,12.073177337646484,4477.44,2026-01-06 21:17:00,Down,12.980000000000473,26.0,4.253810669184531,0.09500541981990895,4.579940299988266,13.926822662353516,2026-01-06 20:51:00,4490.42
Up,4487.636806640625,2026-01-06 21:33:55.118637084,10.452811241149902,16.918643951416016,4484.7,2026-01-06 21:22:00,Up,7.260000000000218,5.0,2.9368066406250364,0.06548501885577712,3.192811241149684,11.918643951416016,2026-01-06 21:17:00,4477.44
Down,4475.897248953581,2026-01-06 21:37:54.589920043,9.162202835083008,15.909832000732422,4477.86,2026-01-06 21:32:00,Down,6.8400000000001455,10.0,1.9627510464188163,0.043832345058104016,2.3222028350828623,5.909832000732422,2026-01-06 21:22:00,4484.7
Up,4486.269524731636,2026-01-06 21:48:26.627197265,9.452524185180664,16.44378662109375,4483.78,2026-01-06 21:46:00,Up,5.920000000000073,14.0,2.4895247316362656,0.055522901026282864,3.5325241851805913,2.44378662109375,2026-01-06 21:32:00,4477.86
Down,4475.002305874824,2026-01-06 22:03:31.708488464,9.092988967895508,17.528474807739258,4479.24,2026-01-06 21:54:00,Down,4.539999999999964,8.0,4.237694125175949,0.09460743619846111,4.552988967895544,9.528474807739258,2026-01-06 21:46:00,4483.78
Up,4487.039656233787,2026-01-06 22:12:50.547180175,8.8782958984375,18.842453002929688,4487.7,2026-01-06 22:21:00,Up,8.460000000000036,27.0,0.6603437662124634,0.014714525619191645,0.4182958984374636,8.157546997070312,2026-01-06 21:54:00,4479.24
Down,4480.458036267757,2026-01-06 22:38:00.089607238,6.480130672454834,17.001493453979492,4483.87,2026-01-06 22:31:00,Down,3.8299999999999272,10.0,3.411963732242839,0.07609417160271906,2.6501306724549067,7.001493453979492,2026-01-06 22:21:00,4487.7
Up,4491.49010225296,2026-01-06 22:50:05.370941162,9.431785583496094,19.089515686035156,4496.94,2026-01-06 22:58:00,Up,13.069999999999709,27.0,5.449897747039358,0.12119124887233004,3.638214416503615,7.910484313964844,2026-01-06 22:31:00,4483.87
Down,4488.305139359235,2026-01-06 23:19:22.019805908,9.487483978271484,21.36699676513672,4491.99,2026-01-06 23:14:00,Down,4.949999999999818,16.0,3.684860640764782,0.0820318086363679,4.537483978271666,5.366996765136719,2026-01-06 22:58:00,4496.94
Up,4499.039150032997,2026-01-06 23:32:06.968078613,7.897608757019043,18.116134643554688,4497.45,2026-01-06 23:50:00,Up,5.460000000000036,36.0,1.5891500329971677,0.035334468042939174,2.4376087570190066,17.883865356445312,2026-01-06 23:14:00,4491.99
Down,4490.522563236952,2026-01-07 00:09:12.987327575,7.487112522125244,19.216455459594727,4493.89,2026-01-06 23:58:00,Down,3.5599999999994907,8.0,3.3674367630483175,0.07493367134149516,3.9271125221257535,11.216455459594727,2026-01-06 23:50:00,4497.45
Up,4509.622832136154,2026-01-07 00:34:08.376388549,15.96879768371582,36.13960647583008,4499.34,2026-01-07 01:05:00,Up,5.449999999999818,67.0,10.282832136153957,0.22854090013544112,10.518797683716002,30.860393524169922,2026-01-06 23:58:00,4493.89
Down,4491.792029925585,2026-01-07 01:42:08.383483886,12.758859634399414,37.13972473144531,4494.78,2026-01-07 01:12:00,Down,4.5600000000004,7.0,2.9879700744149886,0.06647644766629265,8.198859634399014,30.139724731445312,2026-01-07 01:05:00,4499.34
Up,4505.611591808795,2026-01-07 01:42:14.144897460,23.36504364013672,30.235748291015625,4500.59,2026-01-07 01:27:00,Up,5.8100000000004,15.0,5.021591808795165,0.11157630019164522,17.55504364013632,15.235748291015625,2026-01-07 01:12:00,4494.78
Down,4491.418325027227,2026-01-07 01:44:43.866004943,12.347539901733398,17.73110008239746,4492.12,2026-01-07 01:51:00,Down,8.470000000000255,24.0,0.7016749727727074,0.015620129755498683,3.877539901733144,6.268899917602539,2026-01-07 01:27:00,4500.59
Up,4504.811407680511,2026-01-07 02:10:06.163902282,11.64874267578125,19.102731704711914,4496.36,2026-01-07 01:54:00,Up,4.239999999999782,3.0,8.451407680511693,0.18796109921162216,7.408742675781468,16.102731704711914,2026-01-07 01:51:00,4492.12
Down,4484.032086737156,2026-01-07 05:31:30.615234375,13.100996971130371,217.51025390625,4490.35,2026-01-07 02:01:00,Down,6.009999999999309,7.0,6.3179132628447405,0.1406997954022457,7.090996971131062,210.51025390625,2026-01-07 01:54:00,4496.36
Up,4500.6896893262865,2026-01-07 02:21:30.387382507,11.099127769470215,20.50645637512207,4494.27,2026-01-07 02:12:00,Up,3.9200000000000728,11.0,6.419689326286061,0.1428416478379372,7.179127769470142,9.50645637512207,2026-01-07 02:01:00,4490.35
Down,4485.328722492457,2026-01-07 02:31:06.921501159,12.552332878112793,19.115358352661133,4489.68,2026-01-07 02:18:00,Down,4.5900000000001455,6.0,4.351277507543273,0.09691731944243849,7.9623328781126474,13.115358352661133,2026-01-07 02:12:00,4494.27
Up,4499.23352640152,2026-01-07 02:34:44.880867004,14.980873107910156,16.748014450073242,4494.87,2026-01-07 02:36:00,Up,5.1899999999996,18.0,4.363526401520176,0.09707792219842121,9.790873107910556,1.2519855499267578,2026-01-07 02:18:00,4489.68
Down,4487.253172863721,2026-01-07 02:53:26.229515075,10.65262222290039,17.437158584594727,4482.63,2026-01-07 02:53:00,Down,12.239999999999782,17.0,4.6231728637212655,0.10313527691826596,1.587377777099391,0.43715858459472656,2026-01-07 02:36:00,4494.87
Up,4494.980920103789,2026-01-07 03:12:41.685333251,12.655130386352539,19.69475555419922,4495.64,2026-01-07 03:00:00,Up,13.010000000000218,7.0,0.6590798962115514,0.014660424237962811,0.3548696136476792,12.694755554199219,2026-01-07 02:53:00,4482.63
Down,4484.021209945679,2026-01-07 03:17:29.090080261,14.823185920715332,17.484834671020508,4469.1,2026-01-07 03:14:00,Down,26.539999999999964,14.0,14.921209945679038,0.3338750519272121,11.716814079284632,3.484834671020508,2026-01-07 03:00:00,4495.64
Up,4482.964500331879,2026-01-07 03:30:47.376594543,18.15006446838379,16.789609909057617,4478.81,2026-01-07 03:26:00,Up,9.710000000000036,12.0,4.154500331878808,0.09275902152310117,8.440064468383753,4.789609909057617,2026-01-07 03:14:00,4469.1
Down,4461.093340355755,2026-01-07 03:43:25.677223205,15.220298767089844,17.427953720092773,4459.71,2026-01-07 04:01:00,Down,19.100000000000364,35.0,1.3833403557546262,0.031018616810389605,3.87970123291052,17.572046279907227,2026-01-07 03:26:00,4478.81
Up,4471.089729813338,2026-01-07 04:15:22.315349578,13.158203125,14.371922492980957,4475.7,2026-01-07 04:12:00,Up,15.989999999999782,11.0,4.610270186662092,0.10300668468981596,2.8317968749997817,3.371922492980957,2026-01-07 04:01:00,4459.71
Down,4462.230922812223,2026-01-07 04:27:01.681022644,11.641425132751465,15.028017044067383,4468.49,2026-01-07 04:25:00,Down,7.210000000000036,13.0,6.259077187776711,0.14007141535007822,4.4314251327514285,2.028017044067383,2026-01-07 04:12:00,4475.7
Up,4478.8155760860445,2026-01-07 04:38:37.365131378,11.49545955657959,13.62275218963623,4478.54,2026-01-07 04:42:00,Up,10.050000000000182,17.0,0.2755760860445662,0.0061532572232148456,1.445459556579408,3.3772478103637695,2026-01-07 04:25:00,4468.49
Down,4468.905003182888,2026-01-07 04:58:05.298156738,12.03843879699707,16.088302612304688,4473.9,2026-01-07 04:45:00,Down,4.640000000000327,3.0,4.994996817111314,0.11164748468028597,7.398438796996743,13.088302612304688,2026-01-07 04:42:00,4478.54
Up,4482.985284054279,2026-01-07 04:59:56.081199645,14.238338470458984,14.934686660766602,4478.81,2026-01-07 04:55:00,Up,4.910000000000764,10.0,4.175284054278563,0.09322306716021807,9.32833847045822,4.934686660766602,2026-01-07 04:45:00,4473.9
Down,4470.74039723158,2026-01-07 05:12:56.558532714,10.770471572875977,17.942642211914062,4473.33,2026-01-07 05:03:00,Down,5.480000000000473,8.0,2.5896027684202636,0.05788982186470177,5.290471572875504,9.942642211914062,2026-01-07 04:55:00,4478.81
Up,4482.11070018053,2026-01-07 05:23:24.350166320,12.904044151306152,20.40583610534668,4477.1,2026-01-07 05:10:00,Up,3.7700000000004366,7.0,5.010700180529966,0.11191843337271817,9.134044151305716,13.40583610534668,2026-01-07 05:03:00,4473.33
Down,4468.777029615641,2026-01-07 05:28:40.530166625,8.189529418945312,18.67550277709961,4472.01,2026-01-07 05:14:00,Down,5.0900000000001455,4.0,3.2329703843588504,0.07229345158796269,3.099529418945167,14.67550277709961,2026-01-07 05:10:00,4477.1
Up,4479.774676290751,2026-01-07 05:31:58.345642089,9.816390991210938,17.972427368164062,4480.33,2026-01-07 05:20:00,Up,8.319999999999709,6.0,0.5553237092490235,0.012394705507161829,1.4963909912112285,11.972427368164062,2026-01-07 05:14:00,4472.01
Down,4470.96354167819,2026-01-07 05:40:50.331344604,9.602219581604004,20.838855743408203,4475.79,2026-01-07 05:33:00,Down,4.539999999999964,13.0,4.826458321809696,0.107834780492599,5.06221958160404,7.838855743408203,2026-01-07 05:20:00,4480.33
Up,4484.244724352359,2026-01-07 05:54:24.288139343,6.844529628753662,21.404802322387695,4478.88,2026-01-07 05:41:00,Up,3.0900000000001455,8.0,5.36472435235919,0.1197782560005892,3.7545296287535166,13.404802322387695,2026-01-07 05:33:00,4475.79
Down,4471.356208505631,2026-01-07 06:17:40.669326782,7.798702716827393,36.67782211303711,4462.1,2026-01-07 07:05:00,Down,16.779999999999745,84.0,9.256208505630639,0.20744063346026845,8.981297283172353,47.32217788696289,2026-01-07 05:41:00,4478.88
Up,4470.841635251046,2026-01-07 07:19:37.127037048,8.095951080322266,14.618783950805664,4470.37,2026-01-07 07:28:00,Up,8.269999999999527,23.0,0.4716352510458819,0.01055025089748459,0.17404891967726144,8.381216049194336,2026-01-07 07:05:00,4462.1
Down,4463.595386306643,2026-01-07 07:43:37.931098937,5.7033915519714355,15.632184982299805,4443.4,2026-01-07 07:48:00,Down,26.970000000000255,20.0,20.19538630664374,0.4545030001045088,21.26660844802882,4.367815017700195,2026-01-07 07:28:00,4470.37
Up,4453.937213826179,2026-01-07 08:01:58.999958038,10.627401351928711,13.983332633972168,4460.38,2026-01-07 08:21:00,Up,16.980000000000473,33.0,6.442786173821332,0.14444478214460052,6.352598648071762,19.016667366027832,2026-01-07 07:48:00,4443.4
Down,4448.240595513583,2026-01-07 08:36:22.595729827,13.054710388183594,15.376595497131348,4441.6,2026-01-07 08:46:00,Down,18.779999999999745,25.0,6.6405955135824115,0.149509084869921,5.725289611816152,9.623404502868652,2026-01-07 08:21:00,4460.38
Up,4452.250489807129,2026-01-07 08:59:36.108169555,9.828295707702637,13.601802825927734,4464.96,2026-01-07 09:50:00,Up,23.359999999999673,64.0,12.709510192870766,0.28465003477905215,13.531704292297036,50.398197174072266,2026-01-07 08:46:00,4441.6
Down,4453.436735172272,2026-01-07 10:05:45.948600769,11.730362892150879,15.765810012817383,4459.43,2026-01-07 10:07:00,Down,5.529999999999745,17.0,5.993264827728126,0.13439531123323217,6.200362892151134,1.2341899871826172,2026-01-07 09:50:00,4464.96
Up,4471.907312270403,2026-01-07 10:27:21.734504699,12.331284523010254,20.362241744995117,4468.62,2026-01-07 10:21:00,Up,9.1899999999996,14.0,3.287312270403163,0.07356437267888438,3.141284523010654,6.362241744995117,2026-01-07 10:07:00,4459.43
Down,4460.997581169605,2026-01-07 10:37:50.813140869,8.652727127075195,16.846885681152344,4463.76,2026-01-07 10:25:00,Down,4.859999999999673,4.0,2.7624188303952906,0.061885469433735026,3.7927271270755227,12.846885681152344,2026-01-07 10:21:00,4468.62
Up,4473.567534284592,2026-01-07 10:41:11.761436462,12.49623966217041,16.19602394104004,4474.69,2026-01-07 10:42:00,Up,10.929999999999382,17.0,1.1224657154079978,0.02508477046249009,1.5662396621710286,0.8039760589599609,2026-01-07 10:25:00,4463.76
Down,4467.8552303969855,2026-01-07 10:56:37.098140716,9.40039348602295,14.618302345275879,4459.44,2026-01-07 11:08:00,Down,15.25,26.0,8.415230396985862,0.18870598992218449,5.849606513977051,11.381697654724121,2026-01-07 10:42:00,4474.69
Up,4470.768538227081,2026-01-07 11:28:31.866416931,10.324108123779297,20.53110694885254,4467.27,2026-01-07 11:19:00,Up,7.830000000000837,11.0,3.498538227080644,0.07831490433935365,2.49410812377846,9.531106948852539,2026-01-07 11:08:00,4459.44
Down,4457.68188207686,2026-01-07 11:35:08.807716369,8.363149642944336,16.14679527282715,4460.14,2026-01-07 11:46:00,Down,7.130000000000109,27.0,2.45811792313998,0.05511302163474644,1.2331496429442268,10.853204727172852,2026-01-07 11:19:00,4467.27
Up,4468.061119418145,2026-01-07 12:00:22.140655517,6.21425724029541,14.369010925292969,4465.65,2026-01-07 11:55:00,Up,5.509999999999309,9.0,2.411119418145063,0.05399257483557966,0.7042572402961014,5.369010925292969,2026-01-07 11:46:00,4460.14
Down,4458.277793070673,2026-01-07 12:09:38.606986999,8.598165512084961,14.643449783325195,4461.45,2026-01-07 12:01:00,Down,4.199999999999818,6.0,3.1722069293264212,0.07110259958817024,4.398165512085143,8.643449783325195,2026-01-07 11:55:00,4465.65
Up,4471.196083170175,2026-01-07 12:13:56.265792846,6.3419084548950195,12.937763214111328,4466.65,2026-01-07 12:15:00,Up,5.199999999999818,14.0,4.546083170175734,0.10177836119184926,1.1419084548952014,1.0622367858886719,2026-01-07 12:01:00,4461.45
Down,4459.526933768391,2026-01-07 12:29:56.431446075,8.245567321777344,14.940524101257324,4458.92,2026-01-07 12:29:00,Down,7.729999999999563,14.0,0.6069337683911726,0.01361167655825116,0.5155673217777803,0.9405241012573242,2026-01-07 12:15:00,4466.65
Up,4467.524645366669,2026-01-07 12:44:35.186405181,8.133208274841309,15.586440086364746,4467.77,2026-01-07 12:46:00,Up,8.850000000000364,17.0,0.24535463333177177,0.005491657657663034,0.7167917251590552,1.413559913635254,2026-01-07 12:29:00,4458.92
Down,4461.120226600767,2026-01-07 13:02:50.265426635,8.69421100616455,16.837757110595703,4460.48,2026-01-07 13:16:00,Down,7.290000000000873,30.0,0.6402266007671642,0.014353311768400807,1.4042110061636777,13.162242889404297,2026-01-07 12:46:00,4467.77
Up,4467.578072471618,2026-01-07 13:32:40.592308044,7.948786735534668,16.676538467407227,4464.28,2026-01-07 13:19:00,Up,3.800000000000182,3.0,3.2980724716180703,0.07387691792669972,4.148786735534486,13.676538467407227,2026-01-07 13:16:00,4460.48
Down,4456.535929658413,2026-01-07 13:35:09.217300415,7.7557902336120605,16.153621673583984,4449.27,2026-01-07 13:47:00,Down,15.009999999999309,28.0,7.26592965841246,0.16330610770783655,7.254209766387248,11.846378326416016,2026-01-07 13:19:00,4464.28
Up,4459.385680389405,2026-01-07 14:03:31.081924438,10.19764518737793,16.51803207397461,4454.72,2026-01-07 13:54:00,Up,5.449999999999818,7.0,4.66568038940477,0.1047356599158818,4.747645187378112,9.51803207397461,2026-01-07 13:47:00,4449.27
Down,4441.794123363495,2026-01-07 14:13:26.656036376,11.287592887878418,19.44426727294922,4439.37,2026-01-07 14:20:00,Down,15.350000000000364,26.0,2.4241233634948003,0.0546051210756211,4.062407112121946,6.555732727050781,2026-01-07 13:54:00,4454.72
Up,4450.297742854356,2026-01-07 14:36:15.643501281,11.421945571899414,16.260725021362305,4455.1,2026-01-07 14:37:00,Up,15.730000000000473,17.0,4.802257145644035,0.10779235360921267,4.308054428101059,0.7392749786376953,2026-01-07 14:20:00,4439.37
Down,4443.100833767653,2026-01-07 14:55:24.817543029,15.998644828796387,18.413625717163086,4427.38,2026-01-07 15:10:00,Down,27.720000000000255,33.0,15.720833767652948,0.35508209748548686,11.721355171203868,14.586374282836914,2026-01-07 14:37:00,4455.1
Up,4439.402938299179,2026-01-07 15:24:50.613040924,11.896183013916016,14.843550682067871,4447.14,2026-01-07 15:28:00,Up,19.76000000000022,18.0,7.737061700820959,0.17397837038683195,7.863816986084203,3.156449317932129,2026-01-07 15:10:00,4427.38
Down,4435.987966547013,2026-01-07 15:44:41.798515319,14.07642936706543,16.69664192199707,4438.2,2026-01-07 15:38:00,Down,8.94000000000051,10.0,2.2120334529872707,0.0498407789866899,5.13642936706492,6.69664192199707,2026-01-07 15:28:00,4447.14
Up,4451.661775875092,2026-01-07 15:52:30.060367584,9.922185897827148,14.501006126403809,4454.3,2026-01-07 16:04:00,Up,16.100000000000364,26.0,2.6382241249084473,0.059228703161180146,6.177814102173215,11.498993873596191,2026-01-07 15:38:00,4438.2
Down,4444.406520938874,2026-01-07 16:19:40.799961090,11.279147148132324,15.679999351501465,4440.99,2026-01-07 16:30:00,Down,13.3100000000004,26.0,3.416520938873873,0.0769315161455863,2.030852851868076,10.320000648498535,2026-01-07 16:04:00,4454.3
Up,4453.967360233069,2026-01-07 16:45:15.215435028,14.119516372680664,15.25359058380127,4452.3,2026-01-07 16:35:00,Up,11.3100000000004,5.0,1.6673602330683934,0.03744941340584402,2.809516372680264,10.25359058380127,2026-01-07 16:30:00,4440.99
Down,4440.915028721094,2026-01-07 16:51:03.142318725,13.535226821899414,16.052371978759766,4435.67,2026-01-07 16:38:00,Down,16.63000000000011,3.0,5.245028721094059,0.11824659456393417,3.094773178100695,13.052371978759766,2026-01-07 16:35:00,4452.3
Up,4449.265813159943,2026-01-07 16:50:28.396282196,15.107706069946289,12.473271369934082,4453.03,2026-01-07 16:56:00,Up,17.359999999999673,18.0,3.7641868400569365,0.08453091131335151,2.2522939300533835,5.526728630065918,2026-01-07 16:38:00,4435.67
Down,4438.436873081327,2026-01-07 17:11:31.161975860,20.205480575561523,15.519366264343262,4423.5,2026-01-07 17:18:00,Down,29.529999999999745,22.0,14.936873081326667,0.33767091853343884,9.324519424438222,6.480633735656738,2026-01-07 16:56:00,4453.03
Up,4438.6056743860245,2026-01-07 17:34:15.510520935,17.857677459716797,16.258508682250977,4452.09,2026-01-07 17:37:00,Up,28.590000000000146,19.0,13.48432561397567,0.30287630335360854,10.732322540283349,2.7414913177490234,2026-01-07 17:18:00,4423.5
Down,4439.40607211709,2026-01-07 17:50:11.762180328,14.293994903564453,13.196036338806152,4440.67,2026-01-07 17:47:00,Down,11.420000000000073,10.0,1.2639278829101386,0.028462549185373796,2.8739949035643804,3.1960363388061523,2026-01-07 17:37:00,4452.09
Up,4454.689282294512,2026-01-07 18:01:00.731792449,11.900712013244629,14.01219654083252,4468.37,2026-01-07 18:49:00,Up,27.699999999999818,62.0,13.68071770548795,0.3061679696508559,15.79928798675519,47.98780345916748,2026-01-07 17:47:00,4440.67
Down,4459.135878184437,2026-01-07 19:01:29.680824279,12.467477798461914,12.494680404663086,4447.21,2026-01-07 20:18:00,Down,21.159999999999854,89.0,11.925878184437352,0.26816539323390065,8.69252220153794,76.50531959533691,2026-01-07 18:49:00,4468.37
Up,4462.421027779579,2026-01-07 20:33:23.811721801,10.63070011138916,15.396862030029297,4458.83,2026-01-07 20:39:00,Up,11.61999999999989,21.0,3.5910277795792354,0.08053744546392744,0.9892998886107307,5.603137969970703,2026-01-07 20:18:00,4447.21
Down,4446.666111171841,2026-01-07 20:54:38.467483520,11.618165016174316,15.641124725341797,4449.98,2026-01-07 20:51:00,Down,8.850000000000364,12.0,3.3138888281582695,0.07446974656421534,2.7681650161739526,3.641124725341797,2026-01-07 20:39:00,4458.83
Up,4461.698810579776,2026-01-07 21:08:49.107398986,11.527823448181152,17.818456649780273,4455.38,2026-01-07 21:07:00,Up,5.400000000000546,16.0,6.318810579776255,0.1418242794054885,6.127823448180607,1.8184566497802734,2026-01-07 20:51:00,4449.98
Down,4447.124228992462,2026-01-07 21:24:08.199462890,12.609277725219727,17.13665771484375,4445.44,2026-01-07 21:17:00,Down,9.94000000000051,10.0,1.684228992462522,0.03788666571728608,2.6692777252192172,7.13665771484375,2026-01-07 21:07:00,4455.38
Up,4458.00429397583,2026-01-07 21:35:15.670051574,15.630635261535645,18.261167526245117,4457.31,2026-01-07 21:32:00,Up,11.8700000000008,15.0,0.6942939758291686,0.015576524312402966,3.760635261534844,3.261167526245117,2026-01-07 21:17:00,4445.44
Down,4449.203150964976,2026-01-07 21:51:02.248535156,10.423681259155273,19.0374755859375,4452.12,2026-01-07 21:48:00,Down,5.190000000000509,16.0,2.9168490350239153,0.06551595722990206,5.233681259154764,3.0374755859375,2026-01-07 21:32:00,4457.31
Up,4460.535850024223,2026-01-07 22:06:13.441543579,11.689352035522461,18.22402572631836,4459.49,2026-01-07 22:05:00,Up,7.369999999999891,17.0,1.0458500242230002,0.023452233870308044,4.31935203552257,1.2240257263183594,2026-01-07 21:48:00,4452.12
Down,4452.178731435537,2026-01-07 22:22:39.309196472,8.413884162902832,17.655153274536133,4455.44,2026-01-07 22:10:00,Down,4.050000000000182,5.0,3.2612685644626254,0.07319745220365723,4.36388416290265,12.655153274536133,2026-01-07 22:05:00,4459.49
Up,4464.9817475223535,2026-01-07 22:25:38.812007904,9.049962043762207,15.646866798400879,4461.67,2026-01-07 22:18:00,Up,6.230000000000473,8.0,3.311747522353471,0.07422663537091428,2.819962043761734,7.646866798400879,2026-01-07 22:10:00,4455.44
Down,4454.548227078914,2026-01-07 22:32:16.433544158,9.142539978027344,14.273892402648926,4455.94,2026-01-07 22:28:00,Down,5.730000000000473,10.0,1.3917729210852485,0.031234103715158838,3.412539978026871,4.273892402648926,2026-01-07 22:18:00,4461.67
Up,4462.732850580215,2026-01-07 22:45:44.959373474,7.37773323059082,17.74932289123535,4460.37,2026-01-07 22:33:00,Up,4.430000000000291,5.0,2.3628505802153086,0.05297431783047839,2.9477332305905293,12.749322891235352,2026-01-07 22:28:00,4455.94
Down,4453.6326070654395,2026-01-07 22:48:52.783756256,6.614377498626709,15.879729270935059,4449.85,2026-01-07 23:00:00,Down,10.519999999999527,27.0,3.7826070654391515,0.08500527131114873,3.905622501372818,11.120270729064941,2026-01-07 22:33:00,4460.37
Up,4459.633337539435,2026-01-07 23:16:59.079208374,8.435049057006836,16.98465347290039,4455.15,2026-01-07 23:20:00,Up,5.299999999999272,20.0,4.483337539435524,0.10063269563169645,3.1350490570075635,3.0153465270996094,2026-01-07 23:00:00,4449.85
Down,4446.732671123743,2026-01-07 23:36:14.507904052,9.041792869567871,16.241798400878906,4451.9,2026-01-07 23:29:00,Down,3.25,9.0,5.167328876256761,0.11607019196874956,5.791792869567871,7.241798400878906,2026-01-07 23:20:00,4455.15
Up,4462.532731497287,2026-01-07 23:42:34.063167572,10.712481498718262,13.567719459533691,4454.31,2026-01-07 23:42:00,Up,2.410000000000764,13.0,8.222731497286986,0.18460168908960053,8.302481498717498,0.5677194595336914,2026-01-07 23:29:00,4451.9
Down,4446.503840585948,2026-01-08 00:04:25.312728881,9.435781478881836,22.421878814697266,4452.72,2026-01-07 23:50:00,Down,1.5900000000001455,8.0,6.216159414052527,0.1396036448295093,7.84578147888169,14.421878814697266,2026-01-07 23:42:00,4454.31
Up,4463.62911643982,2026-01-08 00:48:34.457702636,11.730649948120117,58.57429504394531,4463.96,2026-01-08 01:27:00,Up,11.239999999999782,97.0,0.33088356018015475,0.007412332551818447,0.49064994812033547,38.42570495605469,2026-01-07 23:50:00,4452.72
Down,4456.673863811493,2026-01-08 01:56:21.354217529,11.595623016357422,29.35590362548828,4459.8,2026-01-08 01:31:00,Down,4.1599999999998545,4.0,3.126136188507189,0.07009588296576504,7.435623016357567,25.35590362548828,2026-01-08 01:27:00,4463.96
Up,4469.867848277092,2026-01-08 02:11:57.909393310,17.06096649169922,40.96515655517578,4463.03,2026-01-08 01:46:00,Up,3.2299999999995634,15.0,6.837848277092235,0.15321089656785267,13.830966491699655,25.96515655517578,2026-01-08 01:31:00,4459.8
Down,4455.098161635995,2026-01-08 02:03:11.390075683,9.588374137878418,17.189834594726562,4459.99,2026-01-08 01:47:00,Down,3.0399999999999636,1.0,4.891838364004798,0.10968272045463776,6.548374137878454,16.189834594726562,2026-01-08 01:46:00,4463.03
Up,4472.016957725286,2026-01-08 01:58:28.238525390,16.814361572265625,11.47064208984375,4466.46,2026-01-08 02:16:00,Up,6.470000000000255,29.0,5.556957725286338,0.12441525783923595,10.34436157226537,17.52935791015625,2026-01-08 01:47:00,4459.99
Down,4456.914086290598,2026-01-08 02:43:38.360137939,7.117806434631348,27.63933563232422,4446.79,2026-01-08 02:50:00,Down,19.670000000000073,34.0,10.124086290597916,0.22767178775246671,12.552193565368725,6.360664367675781,2026-01-08 02:16:00,4466.46
Up,4459.378253275156,2026-01-08 23:20:43.535156250,12.983949661254883,1230.7255859375,4452.47,2026-01-08 02:58:00,Up,5.680000000000291,8.0,6.908253275155403,0.1551555265988407,7.303949661254592,1222.7255859375,2026-01-08 02:50:00,4446.79
Down,4438.2322049433,2026-01-08 03:11:33.532333374,13.345497131347656,13.55887222290039,4444.59,2026-01-08 03:00:00,Down,7.880000000000109,2.0,6.357795056700525,0.14304570402895486,5.465497131347547,11.55887222290039,2026-01-08 02:58:00,4452.47
Up,4453.49231146574,2026-01-08 03:17:10.300712585,11.934635162353516,17.17167854309082,4460.44,2026-01-08 03:11:00,Up,15.849999999999454,11.0,6.947688534259214,0.1557624031319604,3.9153648376459387,6.17167854309082,2026-01-08 03:00:00,4444.59
Down,4445.3057520413395,2026-01-08 03:26:06.153316497,16.3848876953125,15.102555274963379,4454.91,2026-01-08 03:18:00,Down,5.529999999999745,7.0,9.60424795866038,0.21558792340721544,10.854887695312755,8.102555274963379,2026-01-08 03:11:00,4460.44
Up,4469.883955435753,2026-01-08 03:37:32.549057006,19.69182014465332,19.542484283447266,4460.39,2026-01-08 03:23:00,Up,5.480000000000473,5.0,9.493955435752468,0.2128503434845937,14.211820144652847,14.542484283447266,2026-01-08 03:18:00,4454.91
Down,4449.801861172915,2026-01-08 03:37:57.878780364,10.708317756652832,14.964646339416504,4442.02,2026-01-08 03:55:00,Down,18.36999999999989,32.0,7.781861172914432,0.17518744113971643,7.661682243347059,17.035353660583496,2026-01-08 03:23:00,4460.39
Up,4455.02419892788,2026-01-08 04:11:35.398750305,15.397406578063965,16.58997917175293,4449.67,2026-01-08 04:01:00,Up,7.649999999999636,6.0,5.354198927880134,0.12032800023103138,7.747406578064329,10.58997917175293,2026-01-08 03:55:00,4442.02
Down,4436.257243602276,2026-01-08 04:16:18.721790313,10.364351272583008,15.312029838562012,4433.65,2026-01-08 04:37:00,Down,16.020000000000437,36.0,2.6072436022759575,0.058805805651685576,5.655648727417429,20.68797016143799,2026-01-08 04:01:00,4449.67
Up,4444.80890174508,2026-01-08 04:52:46.402988433,12.162243843078613,15.773383140563965,4445.73,2026-01-08 05:12:00,Up,12.079999999999927,35.0,0.9210982549193432,0.02071871784654811,0.08224384307868604,19.226616859436035,2026-01-08 04:37:00,4433.65
Down,4434.139505474567,2026-01-08 05:31:24.192810058,11.168354988098145,19.403213500976562,4437.39,2026-01-08 05:17:00,Down,8.339999999999236,5.0,3.2504945254331687,0.07325239668889073,2.8283549880989085,14.403213500976562,2026-01-08 05:12:00,4445.73
Up,4447.3310856091975,2026-01-08 05:34:35.234985351,11.931282043457031,17.587249755859375,4446.45,2026-01-08 05:31:00,Up,9.05999999999949,14.0,0.8810856091977257,0.01981548446958193,2.8712820434575406,3.587249755859375,2026-01-08 05:17:00,4437.39
Down,4437.451997950673,2026-01-08 05:48:13.599700927,9.568751335144043,17.226661682128906,4440.1,2026-01-08 05:39:00,Down,6.349999999999454,8.0,2.6480020493272605,0.05963834258974483,3.2187513351445887,9.226661682128906,2026-01-08 05:31:00,4446.45
Up,4450.308102297783,2026-01-08 05:57:42.146759033,9.122057914733887,18.70244598388672,4442.88,2026-01-08 05:48:00,Up,2.7799999999997453,9.0,7.428102297782971,0.1671911529859679,6.342057914734141,9.702445983886719,2026-01-08 05:39:00,4440.1
Down,4435.3213488006595,2026-01-08 07:19:38.123016357,7.263172626495361,91.63538360595703,4436.69,2026-01-08 06:07:00,Down,6.190000000000509,19.0,1.3686511993400927,0.03084847486166698,1.073172626494852,72.63538360595703,2026-01-08 05:48:00,4442.88
Up,4443.706316597461,2026-01-08 06:23:32.075386047,7.759166240692139,16.534589767456055,4440.54,2026-01-08 06:19:00,Up,3.850000000000364,12.0,3.166316597461446,0.07130476467865272,3.909166240691775,4.534589767456055,2026-01-08 06:07:00,4436.69
Down,4433.350848505497,2026-01-08 06:33:34.820995330,6.75134801864624,14.580349922180176,4423.14,2026-01-08 07:16:00,Down,17.399999999999636,57.0,10.21084850549687,0.23085067407988147,10.648651981353396,42.419650077819824,2026-01-08 06:19:00,4440.54
Up,4431.745726711751,2026-01-08 07:30:25.610504150,10.948103904724121,14.426841735839844,4429.7,2026-01-08 07:23:00,Up,6.559999999999491,7.0,2.045726711750831,0.04618205999843852,4.38810390472463,7.426841735839844,2026-01-08 07:16:00,4423.14
Down,4416.089481705427,2026-01-08 07:43:37.693405151,10.95451831817627,20.628223419189453,4415.75,2026-01-08 07:44:00,Down,13.949999999999818,21.0,0.339481705426806,0.00768797385329346,2.9954816818235486,0.3717765808105469,2026-01-08 07:23:00,4429.7
Up,4425.736830830574,2026-01-08 08:00:59.588470458,12.999320030212402,16.993141174316406,4429.28,2026-01-08 08:00:00,Up,13.529999999999745,16.0,3.5431691694257097,0.07999424668175663,0.530679969787343,0.9931411743164062,2026-01-08 07:44:00,4415.75
Down,4415.03425453186,2026-01-08 08:15:36.210308074,11.774060249328613,15.60350513458252,4416.04,2026-01-08 08:06:00,Down,13.239999999999782,6.0,1.0057454681400486,0.02277482695220262,1.4659397506711684,9.60350513458252,2026-01-08 08:00:00,4429.28
Up,4429.98152490139,2026-01-08 08:23:11.088523864,15.251871109008789,17.1848087310791,4437.84,2026-01-08 08:39:00,Up,21.800000000000182,33.0,7.858475098610143,0.1770788288584118,6.548128890991393,15.815191268920898,2026-01-08 08:06:00,4416.04
Down,4427.6093194341665,2026-01-08 08:54:13.688507080,11.189987182617188,15.228141784667969,4430.14,2026-01-08 08:47:00,Down,7.699999999999818,8.0,2.5306805658337908,0.05712416686230662,3.4899871826173694,7.228141784667969,2026-01-08 08:39:00,4437.84
Up,4439.7643466568,2026-01-08 09:04:44.933166503,15.358528137207031,17.748886108398438,4436.09,2026-01-08 09:01:00,Up,5.949999999999818,14.0,3.674346656799571,0.08282849664455796,9.408528137207213,3.7488861083984375,2026-01-08 08:47:00,4430.14
Down,4426.3422031104565,2026-01-08 09:14:48.053455352,9.44894790649414,13.800890922546387,4432.16,2026-01-08 09:02:00,Down,3.930000000000291,1.0,5.817796889543388,0.13126324161454886,5.51894790649385,12.800890922546387,2026-01-08 09:01:00,4436.09
Up,4440.9930329513545,2026-01-08 09:18:43.143882751,10.513318061828613,16.719064712524414,4439.69,2026-01-08 09:11:00,Up,7.529999999999745,9.0,1.3030329513549077,0.029349638180929477,2.983318061828868,7.719064712524414,2026-01-08 09:02:00,4432.16
Down,4431.644042050242,2026-01-08 09:27:33.924064636,9.394864082336426,16.565401077270508,4430.76,2026-01-08 09:26:00,Down,8.929999999999382,15.0,0.8840420502419875,0.019952379506946605,0.46486408233704424,1.5654010772705078,2026-01-08 09:11:00,4439.69
Up,4441.540840201378,2026-01-08 09:44:46.450996398,8.693281173706055,18.77418327331543,4437.01,2026-01-08 09:29:00,Up,6.25,3.0,4.530840201377941,0.10211471692373787,2.4432811737060547,15.77418327331543,2026-01-08 09:26:00,4430.76
Down,4428.914947811962,2026-01-08 09:44:15.536327362,7.988088130950928,15.258938789367676,4428.42,2026-01-08 09:49:00,Down,8.590000000000146,20.0,0.4949478119615378,0.011176623083662747,0.6019118690492178,4.741061210632324,2026-01-08 09:29:00,4437.01
Up,4438.0802031683925,2026-01-08 10:06:15.535240173,8.882824897766113,17.258920669555664,4433.92,2026-01-08 09:56:00,Up,5.5,7.0,4.1602031683924,0.09382675304002777,3.3828248977661133,10.258920669555664,2026-01-08 09:49:00,4428.42
Down,4426.864457397461,2026-01-08 10:11:55.412178039,9.201961517333984,15.92353630065918,4425.69,2026-01-08 10:05:00,Down,8.230000000000473,9.0,1.174457397461083,0.02653727209680486,0.9719615173335114,6.92353630065918,2026-01-08 09:56:00,4433.92
Up,4433.913441842794,2026-01-08 10:21:47.365722656,8.776412963867188,16.7894287109375,4433.26,2026-01-08 10:11:00,Up,7.5700000000006185,6.0,0.6534418427936544,0.014739533498907222,1.206412963866569,10.7894287109375,2026-01-08 10:05:00,4425.69
Down,4423.155351982117,2026-01-08 10:29:35.140342712,9.462345123291016,18.58567237854004,4419.96,2026-01-08 10:43:00,Down,13.300000000000182,32.0,3.195351982117245,0.07229368551111877,3.8376548767091663,13.414327621459961,2026-01-08 10:11:00,4433.26
Up,4429.786163535118,2026-01-08 10:58:09.086837768,8.924410820007324,15.151447296142578,4435.47,2026-01-08 11:01:00,Up,15.510000000000218,18.0,5.683836464882006,0.12814507740740003,6.585589179992894,2.848552703857422,2026-01-08 10:43:00,4419.96
Down,4423.117889295817,2026-01-08 11:19:41.774368286,12.200058937072754,18.696239471435547,4426.09,2026-01-08 11:20:00,Down,9.38000000000011,19.0,2.972110704183251,0.0671498027419969,2.8200589370726448,0.3037605285644531,2026-01-08 11:01:00,4435.47
Up,4435.746175743341,2026-01-08 11:37:21.342773437,11.187521934509277,17.355712890625,4434.83,2026-01-08 11:34:00,Up,8.739999999999782,14.0,0.9161757433412276,0.02065864403689043,2.4475219345094956,3.355712890625,2026-01-08 11:20:00,4426.09
Down,4426.186990545392,2026-01-08 11:50:59.378013610,9.654068946838379,16.989633560180664,4429.12,2026-01-08 11:48:00,Down,5.710000000000036,14.0,2.9330094546075998,0.06622104288453688,3.9440689468383425,2.989633560180664,2026-01-08 11:34:00,4434.83
Up,4435.384100036621,2026-01-08 12:04:11.562652587,7.924224376678467,16.192710876464844,4433.43,2026-01-08 11:56:00,Up,4.3100000000004,8.0,1.95410003662073,0.04407648336887533,3.6142243766780666,8.192710876464844,2026-01-08 11:48:00,4429.12
Down,4426.5557219302655,2026-01-08 12:13:48.107986450,7.804989337921143,17.801799774169922,4423.08,2026-01-08 12:20:00,Down,10.350000000000364,24.0,3.4757219302655358,0.07858148462757933,2.545010662079221,6.198200225830078,2026-01-08 11:56:00,4433.43
Up,4431.335501217842,2026-01-08 12:36:52.658615112,9.015654563903809,16.877643585205078,4434.76,2026-01-08 12:42:00,Up,11.680000000000291,22.0,3.42449878215848,0.07721948385388341,2.6643454360964824,5.122356414794922,2026-01-08 12:20:00,4423.08
Down,4425.762393028736,2026-01-08 12:58:18.863296508,10.281143188476562,16.314388275146484,4429.99,2026-01-08 12:56:00,Down,4.770000000000437,14.0,4.227606971263413,0.09543152402744505,5.511143188476126,2.3143882751464844,2026-01-08 12:42:00,4434.76
Up,4436.185621809959,2026-01-08 13:11:14.906330108,6.65672492980957,15.248438835144043,4433.91,2026-01-08 12:59:00,Up,3.9200000000000728,3.0,2.2756218099593752,0.0513231393952375,2.7367249298094976,12.248438835144043,2026-01-08 12:56:00,4429.99
Down,4427.7895017188785,2026-01-08 13:15:22.775459289,6.508012771606445,16.37959098815918,4424.8,2026-01-08 13:25:00,Down,9.109999999999673,26.0,2.989501718878273,0.06756241454705914,2.6019872283932273,9.62040901184082,2026-01-08 12:59:00,4433.91
Up,4434.526680755615,2026-01-08 13:41:43.945426940,8.296104431152344,16.732423782348633,4428.1,2026-01-08 13:40:00,Up,3.300000000000182,15.0,6.4266807556150525,0.14513404746087605,4.996104431152162,1.7324237823486328,2026-01-08 13:25:00,4424.8
Down,4418.940916264058,2026-01-08 13:57:44.281311035,7.828932762145996,17.738021850585938,4407.76,2026-01-08 14:16:00,Down,20.340000000000146,36.0,11.180916264057487,0.2536643615817895,12.51106723785415,18.261978149414062,2026-01-08 13:40:00,4428.1
Up,4416.084639997483,2026-01-08 14:30:14.688262939,9.785036087036133,14.244804382324219,4431.4,2026-01-08 14:44:00,Up,23.639999999999418,28.0,15.315360002517082,0.3456099653048039,13.854963912963285,13.755195617675781,2026-01-08 14:16:00,4407.76
Down,4418.666195178032,2026-01-08 15:01:09.322929382,8.756542205810547,17.15538215637207,4417.4,2026-01-08 15:10:00,Down,14.0,26.0,1.2661951780319214,0.02866381079440217,5.243457794189453,8.84461784362793,2026-01-08 14:44:00,4431.4
Up,4429.879777646064,2026-01-08 15:25:06.804256439,10.699033737182617,15.113404273986816,4436.63,2026-01-08 15:25:00,Up,19.230000000000473,15.0,6.7502223539358965,0.1521475163341522,8.530966262817856,0.1134042739868164,2026-01-08 15:10:00,4417.4
Down,4426.19055387795,2026-01-08 15:39:37.736892700,10.798822402954102,14.628948211669922,4425.86,2026-01-08 15:33:00,Down,10.770000000000437,8.0,0.33055387795047864,0.007468692591959047,0.028822402953665005,6.628948211669922,2026-01-08 15:25:00,4436.63
Up,4441.244394137859,2026-01-08 15:47:16.099605560,12.994542121887207,14.268326759338379,4435.55,2026-01-08 15:44:00,Up,9.69000000000051,11.0,5.6943941378585805,0.12838079015812198,3.3045421218866977,3.268326759338379,2026-01-08 15:33:00,4425.86
Down,4425.37879641056,2026-01-08 15:59:56.793022155,11.13930892944336,15.946550369262695,4419.23,2026-01-08 16:08:00,Down,16.32000000000062,24.0,6.148796410560863,0.13913727981030324,5.180691070557259,8.053449630737305,2026-01-08 15:44:00,4435.55
Up,4432.353445335626,2026-01-08 16:23:30.668449401,12.315301895141602,15.511140823364258,4439.32,2026-01-08 16:50:00,Up,20.090000000000146,42.0,6.966554664373689,0.15692841841484031,7.774698104858544,26.488859176635742,2026-01-08 16:08:00,4419.23
Down,4426.169970457554,2026-01-08 17:06:00.198326110,12.90087890625,16.003305435180664,4427.78,2026-01-08 17:01:00,Down,11.539999999999964,11.0,1.6100295424457727,0.03636200403917477,1.3608789062500364,5.003305435180664,2026-01-08 16:50:00,4439.32
Up,4439.402871828079,2026-01-08 17:17:43.838768005,13.387494087219238,16.73064613342285,4453.98,2026-01-08 17:17:00,Up,26.199999999999818,16.0,14.577128171920776,0.32728319776740755,12.81250591278058,0.7306461334228516,2026-01-08 17:01:00,4427.78
Down,4440.572304353714,2026-01-08 17:32:56.779289245,17.419836044311523,15.946321487426758,4443.45,2026-01-08 17:26:00,Down,10.529999999999745,9.0,2.8776956462861563,0.06476264268273878,6.889836044311778,6.946321487426758,2026-01-08 17:17:00,4453.98
Up,4459.259441649913,2026-01-08 17:42:26.130409240,20.434072494506836,16.43550682067871,4456.42,2026-01-08 17:50:00,Up,12.970000000000255,24.0,2.8394416499131694,0.06371575502114185,7.464072494506581,7.564493179321289,2026-01-08 17:26:00,4443.45
Down,4443.089427506924,2026-01-08 18:07:24.324645996,15.59913444519043,17.405410766601562,4447.76,2026-01-08 17:55:00,Down,8.659999999999854,5.0,4.670572493076179,0.10500954397440912,6.939134445190575,12.405410766601562,2026-01-08 17:50:00,4456.42
Up,4457.94753774643,2026-01-08 18:10:05.949611663,11.633007049560547,15.099160194396973,4458.0,2026-01-08 18:02:00,Up,10.239999999999782,7.0,0.05246225357041112,0.0011768114304713127,1.3930070495607652,8.099160194396973,2026-01-08 17:55:00,4447.76
Down,4446.114721655846,2026-01-08 18:16:47.288761138,13.505036354064941,14.788146018981934,4447.0,2026-01-08 18:15:00,Down,11.0,13.0,0.8852783441543579,0.01990731603675192,2.5050363540649414,1.7881460189819336,2026-01-08 18:02:00,4458.0
Up,4458.767686128616,2026-01-08 18:32:03.567581176,11.970514297485352,17.059459686279297,4464.61,2026-01-08 18:42:00,Up,17.609999999999673,27.0,5.84231387138334,0.13085832517024645,5.639485702514321,9.940540313720703,2026-01-08 18:15:00,4447.0
Down,4452.6091699951885,2026-01-08 18:58:20.177650451,11.544121742248535,16.336294174194336,4457.87,2026-01-08 18:48:00,Down,6.739999999999782,6.0,5.260830004811396,0.11801218978596047,4.804121742248753,10.336294174194336,2026-01-08 18:42:00,4464.61
Up,4467.728894853592,2026-01-08 19:03:29.462528228,10.335710525512695,15.491042137145996,4465.36,2026-01-08 19:02:00,Up,7.489999999999782,14.0,2.3688948535918826,0.05305047865327505,2.8457105255129136,1.491042137145996,2026-01-08 18:48:00,4457.87
Down,4457.061782102584,2026-01-08 19:17:38.448085784,11.430624008178711,15.640801429748535,4457.66,2026-01-08 19:17:00,Down,7.699999999999818,15.0,0.5982178974154522,0.013419998326822866,3.730624008178893,0.6408014297485352,2026-01-08 19:02:00,4465.36
Up,4465.440146605968,2026-01-08 19:33:08.575859069,13.1037015914917,16.14293098449707,4463.6,2026-01-08 19:32:00,Up,5.940000000000509,15.0,1.840146605967675,0.041225616228328585,7.16370159149119,1.1429309844970703,2026-01-08 19:17:00,4457.66
Down,4456.157215094567,2026-01-08 19:46:28.098964691,6.85922908782959,14.468316078186035,4459.08,2026-01-08 19:38:00,Down,4.520000000000437,6.0,2.9227849054332182,0.06554681471140276,2.3392290878291533,8.468316078186035,2026-01-08 19:32:00,4463.6
Up,4466.533587026596,2026-01-08 19:54:08.388977050,7.081827163696289,16.139816284179688,4464.06,2026-01-08 19:59:00,Up,4.980000000000473,21.0,2.473587026595851,0.05541115098354079,2.101827163695816,4.8601837158203125,2026-01-08 19:38:00,4459.08
Down,4457.691406062841,2026-01-08 20:14:22.211093902,6.7610602378845215,15.370184898376465,4448.03,2026-01-08 20:36:00,Down,16.030000000000655,37.0,9.661406062841706,0.2172064051465864,9.268939762116133,21.629815101623535,2026-01-08 19:59:00,4464.06
Up,4457.621098623275,2026-01-08 20:51:27.222347259,8.688594818115234,15.453705787658691,4455.06,2026-01-08 20:48:00,Up,7.030000000000655,12.0,2.5610986232750292,0.057487410344081315,1.6585948181145795,3.4537057876586914,2026-01-08 20:36:00,4448.03
Down,4445.408866242171,2026-01-08 21:02:53.612194061,8.337028503417969,14.893536567687988,4444.78,2026-01-08 21:17:00,Down,10.280000000000655,29.0,0.6288662421711706,0.014148422242971996,1.942971496582686,14.106463432312012,2026-01-08 20:48:00,4455.06
Up,4453.9958387351035,2026-01-08 21:31:55.908222198,8.546056747436523,14.931803703308105,4452.92,2026-01-08 21:47:00,Up,8.140000000000327,30.0,1.075838735103389,0.024160297851822825,0.406056747436196,15.068196296691895,2026-01-08 21:17:00,4444.78
Down,4446.228098795414,2026-01-08 22:01:23.480987548,7.6879754066467285,14.391349792480469,4449.73,2026-01-08 21:51:00,Down,3.1900000000005093,4.0,3.50190120458592,0.07869918409849407,4.497975406646219,10.391349792480469,2026-01-08 21:47:00,4452.92
Up,4456.788686865568,2026-01-08 22:06:50.208606719,8.281550407409668,15.836810111999512,4478.11,2026-01-08 22:36:00,Up,28.38000000000011,45.0,21.321313134431875,0.4761230325836542,20.09844959259044,29.16318988800049,2026-01-08 21:51:00,4449.73
Down,4471.028447470068,2026-01-08 22:51:46.708831787,8.854414939880371,15.778480529785156,4472.07,2026-01-08 22:46:00,Down,6.039999999999964,10.0,1.041552529931323,0.02329016607368228,2.8144149398804075,5.778480529785156,2026-01-08 22:36:00,4478.11
Up,4481.922981297969,2026-01-08 23:01:35.142917633,8.622685432434082,15.585715293884277,4479.47,2026-01-08 23:10:00,Up,7.400000000000546,24.0,2.4529812979690178,0.05476052519536948,1.2226854324335363,8.414284706115723,2026-01-08 22:46:00,4472.07
Down,4472.327290420532,2026-01-08 23:25:56.929836273,7.524938583374023,15.948830604553223,4472.73,2026-01-08 23:22:00,Down,6.740000000000691,12.0,0.40270957946722774,0.009003663969594134,0.7849385833733322,3.9488306045532227,2026-01-08 23:10:00,4479.47
Up,4481.118160271644,2026-01-08 23:36:45.170860290,6.847185134887695,14.752847671508789,4475.81,2026-01-08 23:31:00,Up,3.0800000000008367,9.0,5.308160271643828,0.11859663997452591,3.7671851348868586,5.752847671508789,2026-01-08 23:22:00,4472.73
Down,4468.81371901691,2026-01-09 00:41:57.673645019,9.950955390930176,70.96122741699219,4472.57,2026-01-08 23:41:00,Down,3.240000000000691,10.0,3.7562809830897095,0.08398484502399538,6.710955390929485,60.96122741699219,2026-01-08 23:31:00,4475.81
Up,4485.629512326717,2026-01-08 23:56:42.845134735,7.903154373168945,15.714085578918457,4484.04,2026-01-09 01:02:00,Up,11.470000000000255,81.0,1.5895123267173403,0.03544821916658505,3.5668456268313093,65.28591442108154,2026-01-08 23:41:00,4472.57
Down,4476.555916342735,2026-01-09 01:17:07.394371032,9.455117225646973,15.123239517211914,4475.06,2026-01-09 01:24:00,Down,8.979999999999563,22.0,1.4959163427347448,0.033427849967033844,0.4751172256474092,6.876760482788086,2026-01-09 01:02:00,4484.04
Up,4483.646179101467,2026-01-09 16:00:48.032226562,9.051162719726562,876.800537109375,4478.46,2026-01-09 01:26:00,Up,3.399999999999636,2.0,5.186179101467133,0.11580273356169606,5.651162719726926,874.800537109375,2026-01-09 01:24:00,4475.06
Down,4469.108128530979,2026-01-09 01:42:28.100624084,13.200773239135742,16.46834373474121,4472.94,2026-01-09 01:48:00,Down,5.520000000000437,22.0,3.8318714690203706,0.08566784864139405,7.680773239135306,5.531656265258789,2026-01-09 01:26:00,4478.46
Up,4481.0646121859545,2026-01-09 02:02:09.158420562,7.797390460968018,14.152640342712402,4476.6,2026-01-09 02:00:00,Up,3.660000000000764,12.0,4.464612185954138,0.09973221163280475,4.137390460967254,2.1526403427124023,2026-01-09 01:48:00,4472.94
Down,4468.304374909401,2026-01-09 08:24:37.025756835,8.443811416625977,384.6170959472656,4459.99,2026-01-09 02:53:00,Down,16.610000000000582,53.0,8.314374909401522,0.18642138007936168,8.166188583374606,331.6170959472656,2026-01-09 02:00:00,4476.6
Up,4470.505413548946,2026-01-09 03:09:38.890914916,9.39845085144043,16.648181915283203,4465.63,2026-01-09 03:00:00,Up,5.640000000000327,7.0,4.875413548946199,0.10917638830234924,3.7584508514401023,9.648181915283203,2026-01-09 02:53:00,4459.99
Down,4452.527935204506,2026-01-09 03:22:07.336349487,14.578862190246582,22.122272491455078,4452.96,2026-01-09 03:08:00,Down,12.670000000000073,8.0,0.4320647954937158,0.009702867205043741,1.9088621902465093,14.122272491455078,2026-01-09 03:00:00,4465.63
Up,4464.326221847534,2026-01-09 03:30:03.260192871,12.621728897094727,22.054336547851562,4461.54,2026-01-09 03:16:00,Up,8.579999999999927,8.0,2.7862218475338523,0.0624497784965248,4.041728897094799,14.054336547851562,2026-01-09 03:08:00,4452.96
Down,4447.76304184556,2026-01-09 03:40:36.937179565,10.359899520874023,24.615619659423828,4453.13,2026-01-09 03:20:00,Down,8.409999999999854,4.0,5.366958154439999,0.12052103025153092,1.949899520874169,20.615619659423828,2026-01-09 03:16:00,4461.54
Up,4466.569642454386,2026-01-09 03:37:16.424331665,16.59547996520996,17.273738861083984,4460.08,2026-01-09 03:35:00,Up,6.949999999999818,15.0,6.48964245438583,0.14550506839307434,9.645479965210143,2.2737388610839844,2026-01-09 03:20:00,4453.13
Down,4446.68610850811,2026-01-09 03:49:34.186363220,10.6097993850708,14.569772720336914,4456.16,2026-01-09 03:37:00,Down,3.9200000000000728,2.0,9.473891491889844,0.21260213932825225,6.689799385070728,12.569772720336914,2026-01-09 03:35:00,4460.08
Up,4465.325063915253,2026-01-09 03:52:51.739253997,14.484859466552734,15.862320899963379,4476.54,2026-01-09 04:05:00,Up,20.38000000000011,28.0,11.214936084747023,0.2505268820282411,5.895140533447375,12.137679100036621,2026-01-09 03:37:00,4456.16
Down,4467.023239163161,2026-01-09 04:18:59.988956451,9.741260528564453,13.999815940856934,4470.05,2026-01-09 04:16:00,Down,6.489999999999782,11.0,3.0267608368394576,0.06771201299402596,3.2512605285646714,2.9998159408569336,2026-01-09 04:05:00,4476.54
Up,4478.6569402217865,2026-01-09 04:35:49.745635986,15.942041397094727,19.82909393310547,4475.55,2026-01-09 04:30:00,Up,5.5,14.0,3.106940221786317,0.06942029966789147,10.442041397094727,5.829093933105469,2026-01-09 04:16:00,4470.05
Down,4468.88571254611,2026-01-09 04:42:34.142646789,7.163553714752197,12.56904411315918,4468.34,2026-01-09 04:39:00,Down,7.210000000000036,9.0,0.5457125461098258,0.012212869793028859,0.046446285247839114,3.5690441131591797,2026-01-09 04:30:00,4475.55
Up,4477.477380642891,2026-01-09 04:56:21.679115295,9.651374816894531,17.361318588256836,4473.73,2026-01-09 04:44:00,Up,5.389999999999418,5.0,3.747380642891585,0.08376412172597777,4.261374816895113,12.361318588256836,2026-01-09 04:39:00,4468.34
Down,4464.601863045692,2026-01-09 05:00:35.454711914,7.772486209869385,16.590911865234375,4462.14,2026-01-09 05:18:00,Down,11.589999999999236,34.0,2.4618630456916435,0.05517225021383559,3.8175137901298513,17.409088134765625,2026-01-09 04:44:00,4473.73
Up,4472.10461732626,2026-01-09 05:36:29.595794677,8.175034523010254,18.493263244628906,4466.43,2026-01-09 05:21:00,Up,4.289999999999964,3.0,5.674617326259977,0.12705040325853034,3.8850345230102903,15.493263244628906,2026-01-09 05:18:00,4462.14
Down,4454.742144500614,2026-01-09 05:37:58.679466247,11.633248329162598,16.977991104125977,4460.53,2026-01-09 05:32:00,Down,5.900000000000546,11.0,5.7878554993858415,0.12975712526058208,5.733248329162052,5.977991104125977,2026-01-09 05:21:00,4466.43
Up,4467.2612537753575,2026-01-09 05:48:41.581878662,7.2255659103393555,16.693031311035156,4465.9,2026-01-09 05:45:00,Up,5.369999999999891,13.0,1.361253775357909,0.030481062615775302,1.8555659103394646,3.6930313110351562,2026-01-09 05:32:00,4460.53
Down,4457.450115966796,2026-01-09 06:02:47.092552185,8.708953857421875,17.784875869750977,4460.78,2026-01-09 06:18:00,Down,5.119999999999891,33.0,3.329884033203598,0.07464802194243156,3.588953857421984,15.215124130249023,2026-01-09 05:45:00,4465.9
Up,4468.736820862293,2026-01-09 06:33:18.479518890,7.538897514343262,15.307991981506348,4464.62,2026-01-09 06:35:00,Up,3.8400000000001455,17.0,4.116820862293025,0.09220988263935173,3.698897514343116,1.6920080184936523,2026-01-09 06:18:00,4460.78
Down,4457.40277402997,2026-01-09 06:52:36.704177856,7.485688209533691,17.611736297607422,4461.62,2026-01-09 06:37:00,Down,3.0,2.0,4.217225970030086,0.09452230288617332,4.485688209533691,15.611736297607422,2026-01-09 06:35:00,4464.62
Up,4468.934228801727,2026-01-09 07:00:48.166809082,9.966497421264648,23.802780151367188,4466.95,2026-01-09 06:57:00,Up,5.329999999999927,20.0,1.984228801727113,0.044420215174271326,4.636497421264721,3.8027801513671875,2026-01-09 06:37:00,4461.62
Down,4459.295550921559,2026-01-09 07:13:10.659484863,6.80025577545166,16.177658081054688,4460.24,2026-01-09 07:16:00,Down,6.710000000000036,19.0,0.9444490784408117,0.02117484885209791,0.09025577545162378,2.8223419189453125,2026-01-09 06:57:00,4466.95
Up,4466.851183185578,2026-01-09 07:35:30.312423706,8.697983741760254,19.505207061767578,4463.97,2026-01-09 07:20:00,Up,3.730000000000473,4.0,2.881183185577356,0.06454306784269061,4.967983741759781,15.505207061767578,2026-01-09 07:16:00,4460.24
Down,4456.954444082379,2026-01-09 07:36:21.103019714,7.363685131072998,16.351716995239258,4458.32,2026-01-09 07:24:00,Down,5.650000000000546,4.0,1.3655559176204406,0.03062938321207183,1.7136851310724524,12.351716995239258,2026-01-09 07:20:00,4463.97
Up,4465.196199741364,2026-01-09 07:40:49.973716735,9.826876640319824,16.832895278930664,4471.78,2026-01-09 07:35:00,Up,13.460000000000036,11.0,6.583800258636074,0.14722996790173207,3.633123359680212,5.832895278930664,2026-01-09 07:24:00,4458.32
Down,4460.119191483259,2026-01-09 07:50:21.872920989,10.152436256408691,15.364548683166504,4465.6,2026-01-09 07:47:00,Down,6.1799999999993815,12.0,5.48080851674149,0.12273397789191798,3.97243625640931,3.364548683166504,2026-01-09 07:35:00,4471.78
Up,4472.717931556702,2026-01-09 08:07:25.087852478,9.722517967224121,20.41813087463379,4470.98,2026-01-09 08:01:00,Up,5.3799999999992,14.0,1.7379315567022786,0.03887137846070165,4.3425179672249214,6.418130874633789,2026-01-09 07:47:00,4465.6
Down,4462.207910002469,2026-01-09 08:17:36.924591064,10.420530319213867,16.61540985107422,4466.14,2026-01-09 08:14:00,Down,4.839999999999236,13.0,3.9320899975309658,0.0880422467170972,5.580530319214631,3.6154098510742188,2026-01-09 08:01:00,4470.98
Up,4473.906197226048,2026-01-09 08:30:34.811096191,10.983591079711914,16.580184936523438,4477.36,2026-01-09 08:48:00,Up,11.219999999999345,34.0,3.453802773951793,0.07713926898779176,0.2364089202874311,17.419815063476562,2026-01-09 08:14:00,4466.14
Down,4469.265255107879,2026-01-09 09:04:19.490203857,13.00366497039795,16.32483673095703,4468.66,2026-01-09 09:35:00,Down,8.699999999999818,47.0,0.6052551078792021,0.013544443029436163,4.303664970398131,30.67516326904297,2026-01-09 08:48:00,4477.36
Up,4475.475970504283,2026-01-09 09:51:02.658691406,9.461431503295898,16.0443115234375,4473.15,2026-01-09 09:47:00,Up,4.489999999999782,12.0,2.3259705042837595,0.05199849109204385,4.971431503296117,4.0443115234375,2026-01-09 09:35:00,4468.66
Down,4465.849130389094,2026-01-09 10:03:31.104812622,8.763020515441895,16.518413543701172,4469.63,2026-01-09 09:51:00,Down,3.519999999999527,4.0,3.7808696109059383,0.08459021464653535,5.2430205154423675,12.518413543701172,2026-01-09 09:47:00,4473.15
Up,4476.317974424363,2026-01-09 10:07:18.391914367,6.358936309814453,16.30653190612793,4473.48,2026-01-09 09:53:00,Up,3.8499999999994543,2.0,2.837974424362983,0.06343997121621162,2.508936309814999,14.30653190612793,2026-01-09 09:51:00,4469.63
Down,4466.599616632461,2026-01-09 10:09:37.301902770,7.916367530822754,16.6216983795166,4466.4,2026-01-09 10:02:00,Down,7.079999999999927,9.0,0.19961663246158423,0.004469295908597175,0.8363675308228267,7.621698379516602,2026-01-09 09:53:00,4473.48
Up,4473.943026065826,2026-01-09 10:17:56.439113616,6.763335704803467,15.940651893615723,4476.95,2026-01-09 10:13:00,Up,10.550000000000182,11.0,3.006973934173402,0.06716568052297663,3.786664295196715,4.940651893615723,2026-01-09 10:02:00,4466.4
Down,4468.403957515955,2026-01-09 10:30:59.954681396,7.096307754516602,17.999244689941406,4464.08,2026-01-09 10:53:00,Down,12.86999999999989,40.0,4.323957515955044,0.09686111171742093,5.773692245483289,22.000755310058594,2026-01-09 10:13:00,4476.95
Up,4473.708899517059,2026-01-09 11:08:18.612442016,7.231395721435547,15.31020736694336,4477.63,2026-01-09 11:20:00,Up,13.550000000000182,27.0,3.921100482941256,0.08757089091642802,6.318604278564635,11.68979263305664,2026-01-09 10:53:00,4464.08
Down,4467.352961282134,2026-01-09 11:36:37.523231506,10.27708625793457,16.62538719177246,4471.64,2026-01-09 11:35:00,Down,5.989999999999782,15.0,4.2870387178663805,0.09587173202374029,4.287086257934789,1.625387191772461,2026-01-09 11:20:00,4477.63
Up,4479.110317239762,2026-01-09 11:50:54.453048706,10.080073356628418,15.907550811767578,4474.36,2026-01-09 11:47:00,Up,2.719999999999345,12.0,4.750317239761898,0.10616752428865578,7.360073356629073,3.907550811767578,2026-01-09 11:35:00,4471.64
Down,4467.4707957649225,2026-01-09 12:10:58.205223083,8.290446281433105,23.9700870513916,4469.87,2026-01-09 12:05:00,Down,4.489999999999782,18.0,2.3992042350773772,0.05367503383940422,3.8004462814333237,5.970087051391602,2026-01-09 11:47:00,4474.36
Up,4477.780691502094,2026-01-09 12:21:11.788215637,10.022588729858398,16.196470260620117,4474.22,2026-01-09 12:10:00,Up,4.350000000000364,5.0,3.560691502093505,0.0795823965315408,5.672588729858035,11.196470260620117,2026-01-09 12:05:00,4469.87
Down,4466.176268332005,2026-01-09 12:27:43.601875305,9.497272491455078,17.72669792175293,4467.18,2026-01-09 12:49:00,Down,7.039999999999964,39.0,1.0037316679954529,0.022469022246595232,2.4572724914551145,21.27330207824707,2026-01-09 12:10:00,4474.22
Up,4473.74768452406,2026-01-09 13:04:59.379901885,8.243444442749023,15.989665031433105,4474.78,2026-01-09 13:03:00,Up,7.599999999999454,14.0,1.0323154759398676,0.023069636405362224,0.6434444427495691,1.9896650314331055,2026-01-09 12:49:00,4467.18
Down,4465.578240303993,2026-01-09 13:20:41.324844360,9.046369552612305,17.68874740600586,4470.03,2026-01-09 13:09:00,Down,4.75,6.0,4.451759696006775,0.09959127111018885,4.296369552612305,11.68874740600586,2026-01-09 13:03:00,4474.78
Up,4476.487840629816,2026-01-09 13:25:04.346809387,8.391923904418945,16.072446823120117,4473.01,2026-01-09 13:21:00,Up,2.980000000000473,12.0,3.477840629815546,0.07775168465564677,5.411923904418472,4.072446823120117,2026-01-09 13:09:00,4470.03
Down,4466.482800801992,2026-01-09 13:43:59.895744323,7.9031524658203125,22.998262405395508,4469.28,2026-01-09 13:32:00,Down,3.730000000000473,11.0,2.7971991980075472,0.06258724443327666,4.17315246581984,11.998262405395508,2026-01-09 13:21:00,4473.01
Up,4476.142735233307,2026-01-09 13:48:18.974189758,8.173794746398926,16.31623649597168,4471.96,2026-01-09 13:39:00,Up,2.680000000000291,7.0,4.18273523330663,0.0935324831462408,5.493794746398635,9.31623649597168,2026-01-09 13:32:00,4469.28
Down,4465.196837322712,2026-01-09 14:03:26.287422180,7.510432720184326,24.43812370300293,4468.81,2026-01-09 13:46:00,Down,3.149999999999636,7.0,3.6131626772885284,0.08085290440382402,4.36043272018469,17.43812370300293,2026-01-09 13:39:00,4471.96
Up,4475.186702272892,2026-01-09 14:05:11.510696411,7.070812702178955,19.191844940185547,4480.44,2026-01-09 14:06:00,Up,11.6299999999992,20.0,5.253297727107565,0.1172495943949158,4.559187297820245,0.8081550598144531,2026-01-09 13:46:00,4468.81
Down,4472.6769771981235,2026-01-09 14:21:36.165618896,9.435042381286621,15.602760314941406,4461.18,2026-01-09 14:33:00,Down,19.25999999999931,27.0,11.496977198123204,0.257711574025778,9.824957618712688,11.397239685058594,2026-01-09 14:06:00,4480.44
Up,4469.491190729142,2026-01-09 14:49:54.783782958,10.937938690185547,16.913063049316406,4468.35,2026-01-09 14:48:00,Up,7.170000000000073,15.0,1.1411907291412717,0.025539421243664255,3.767938690185474,1.9130630493164062,2026-01-09 14:33:00,4461.18
Down,4458.95185751617,2026-01-09 15:03:47.182102203,8.985993385314941,15.786368370056152,4463.74,2026-01-09 14:54:00,Down,4.610000000000582,6.0,4.788142483829688,0.1072675040174761,4.375993385314359,9.786368370056152,2026-01-09 14:48:00,4468.35
Up,4472.382681250572,2026-01-09 15:09:35.427761077,10.308640480041504,15.590462684631348,4473.76,2026-01-09 15:06:00,Up,10.020000000000437,12.0,1.3773187494280137,0.03078660342593285,0.28864048004106735,3.5904626846313477,2026-01-09 14:54:00,4463.74
Down,4463.724101829529,2026-01-09 15:21:03.197364807,12.749312400817871,15.053289413452148,4462.24,2026-01-09 15:20:00,Down,11.520000000000437,14.0,1.4841018295292088,0.033259121641355215,1.2293124008174345,1.0532894134521484,2026-01-09 15:06:00,4473.76
Up,4475.057637329101,2026-01-09 15:38:05.419464111,13.082623481750488,18.09032440185547,4474.65,2026-01-09 15:25:00,Up,12.409999999999854,5.0,0.40763732910181716,0.009109926566364234,0.6726234817506338,13.090324401855469,2026-01-09 15:20:00,4462.24
Down,4462.126902240514,2026-01-09 15:41:02.868118286,16.269763946533203,16.047801971435547,4457.94,2026-01-09 15:30:00,Down,16.710000000000036,5.0,4.186902240514428,0.0939201119915124,0.44023605346683325,11.047801971435547,2026-01-09 15:25:00,4474.65
Up,4473.207922425269,2026-01-09 15:46:35.053253173,17.184694290161133,16.58422088623047,4491.8,2026-01-09 15:40:00,Up,33.86000000000058,10.0,18.592077574730865,0.41391151820497046,16.67530570983945,6.584220886230469,2026-01-09 15:30:00,4457.94
Down,4474.462737321854,2026-01-09 15:58:24.180335998,15.668473243713379,18.403005599975586,4479.05,2026-01-09 15:52:00,Down,12.75,12.0,4.587262678146544,0.10241597388166115,2.918473243713379,6.403005599975586,2026-01-09 15:40:00,4491.8
Up,4497.20838007927,2026-01-09 16:09:11.947059631,22.409265518188477,17.19911766052246,4496.62,2026-01-09 16:11:00,Up,17.56999999999971,19.0,0.5883800792698821,0.013084941117325504,4.839265518188768,1.800882339477539,2026-01-09 15:52:00,4479.05
Down,4481.0411021590235,2026-01-09 16:26:22.975788116,18.144739151000977,15.382929801940918,4482.68,2026-01-09 16:33:00,Down,13.9399999999996,22.0,1.6388978409768242,0.03656066997815646,4.204739151001377,6.617070198059082,2026-01-09 16:11:00,4496.62
Up,4497.678896389008,2026-01-09 16:47:08.323059082,14.560755729675293,14.138717651367188,4498.04,2026-01-09 16:38:00,Up,15.359999999999673,5.0,0.3611036109923589,0.008028021338012977,0.7992442703243796,9.138717651367188,2026-01-09 16:33:00,4482.68
Down,4484.1355863904955,2026-01-09 16:53:27.104759216,16.054443359375,15.451745986938477,4479.13,2026-01-09 16:51:00,Down,18.909999999999854,13.0,5.005586390495409,0.11175354121214186,2.8555566406248545,2.4517459869384766,2026-01-09 16:38:00,4498.04
Up,4498.2471516644955,2026-01-09 17:07:17.969627380,17.048095703125,16.29949378967285,4517.15,2026-01-09 17:42:00,Up,38.01999999999953,51.0,18.90284833550413,0.4184684665221242,20.971904296874527,34.70050621032715,2026-01-09 16:51:00,4479.13
Down,4499.471496665477,2026-01-09 18:01:57.403335571,18.592008590698242,19.956722259521484,4499.94,2026-01-09 18:13:00,Down,17.210000000000036,31.0,0.46850333452221093,0.010411324029258411,1.3820085906982058,11.043277740478516,2026-01-09 17:42:00,4517.15
Up,4514.579301609992,2026-01-09 18:28:07.076454162,14.096283912658691,15.117940902709961,4511.67,2026-01-09 19:03:00,Up,11.730000000000473,50.0,2.909301609992326,0.06448391859316674,2.3662839126582185,34.88205909729004,2026-01-09 18:13:00,4499.94
Down,4501.945441972018,2026-01-09 19:18:13.650341033,11.731888771057129,15.227505683898926,4502.13,2026-01-09 19:23:00,Down,9.539999999999964,20.0,0.184558027982348,0.0040993491521201745,2.1918887710571653,4.772494316101074,2026-01-09 19:03:00,4511.67
Up,4515.145944571495,2026-01-09 19:38:10.537090301,13.048717498779297,15.175618171691895,4510.21,2026-01-09 19:34:00,Up,8.079999999999927,11.0,4.935944571495384,0.10943935141590709,4.96871749877937,4.1756181716918945,2026-01-09 19:23:00,4502.13
Down,4501.774669049978,2026-01-09 19:51:17.960014343,10.279129028320312,17.299333572387695,4481.62,2026-01-09 19:56:00,Down,28.590000000000146,22.0,20.15466904997811,0.44971838419986776,18.310870971679833,4.700666427612305,2026-01-09 19:34:00,4510.21
Up,4495.948070495128,2026-01-09 20:13:20.283622741,19.405532836914062,17.33806037902832,4504.59,2026-01-09 20:40:00,Up,22.970000000000255,44.0,8.641929504871769,0.1918471937484159,3.564467163086192,26.66193962097168,2026-01-09 19:56:00,4481.62
Down,4491.6968947434425,2026-01-09 20:58:02.003746032,11.775806427001953,18.033395767211914,4492.88,2026-01-09 21:06:00,Down,11.710000000000036,26.0,1.1831052565576101,0.026332892411050596,0.06580642700191675,7.966604232788086,2026-01-09 20:40:00,4504.59
Up,4503.688267402649,2026-01-09 21:22:38.714218139,11.558674812316895,16.64523696899414,4501.72,2026-01-09 21:25:00,Up,8.840000000000146,19.0,1.9682674026489622,0.04372256387889434,2.718674812316749,2.3547630310058594,2026-01-09 21:06:00,4492.88
Down,4494.365523340703,2026-01-09 21:39:47.253971099,6.910398483276367,14.787566184997559,4495.98,2026-01-09 21:30:00,Down,5.740000000000691,5.0,1.6144766592969972,0.03590933810419524,1.170398483275676,9.787566184997559,2026-01-09 21:25:00,4501.72
Up,4504.267053437233,2026-01-09 21:44:02.128887176,7.964449882507324,14.035481452941895,4501.93,2026-01-09 21:53:00,Up,5.950000000000728,23.0,2.3370534372324983,0.05191225623749143,2.0144498825065966,8.964518547058105,2026-01-09 21:30:00,4495.98
Down,4495.453443789483,2026-01-09 22:10:44.761505126,6.754487037658691,17.74602508544922,4497.92,2026-01-09 22:00:00,Down,4.010000000000218,7.0,2.4665562105174104,0.054837707440715054,2.744487037658473,10.746025085449219,2026-01-09 21:53:00,4501.93
Up,4505.849770812988,2026-01-09 22:16:39.916191101,7.013885974884033,16.66526985168457,4509.47,2026-01-09 22:18:00,Up,11.550000000000182,18.0,3.620229187012228,0.08028059144449853,4.536114025116149,1.3347301483154297,2026-01-09 22:00:00,4497.92
Down,4501.929764366746,2026-01-09 22:34:38.147163391,8.599346160888672,16.635786056518555,4502.56,2026-01-09 22:44:00,Down,6.9099999999998545,26.0,0.630235633254415,0.013997273401229854,1.6893461608888174,9.364213943481445,2026-01-09 22:18:00,4509.47
Up,4509.222103500367,2026-01-09 23:00:56.742668151,7.596683979034424,16.945711135864258,4510.18,2026-01-09 22:59:00,Up,7.619999999999891,15.0,0.9578964996335344,0.02123854257775819,0.023316020965467033,1.9457111358642578,2026-01-09 22:44:00,4502.56
Down,4503.099885476828,2026-01-09 23:14:44.770660400,6.262083530426025,15.746177673339844,4505.08,2026-01-09 23:09:00,Down,5.100000000000364,10.0,1.980114523172233,0.04395292698847152,1.1620835304256616,5.746177673339844,2026-01-09 22:59:00,4510.18
Up,4511.333379764556,2026-01-09 23:25:37.862319946,6.70286750793457,16.631038665771484,4510.48,2026-01-09 23:22:00,Up,5.399999999999636,13.0,0.8533797645568484,0.018919932347706864,1.302867507934934,3.6310386657714844,2026-01-09 23:09:00,4505.08
Down,4504.447643365859,2026-01-10 09:15:55.209960937,9.658181190490723,593.920166015625,4505.96,2026-01-09 23:42:00,Down,4.519999999999527,20.0,1.512356634140815,0.03356347224877307,5.138181190491196,573.920166015625,2026-01-09 23:22:00,4510.48
Up,4516.939929966927,2026-01-09 23:58:21.034126281,8.722311019897461,16.350568771362305,4511.0,2026-01-09 23:44:00,Up,5.039999999999964,2.0,5.939929966926684,0.13167656765521357,3.6823110198974973,14.350568771362305,2026-01-09 23:42:00,4505.96
