direction,target_price,target_time,predicted_range,predicted_duration,actual_end_price,actual_end_time,actual_direction,actual_range,actual_duration,price_error,price_error_pct,range_error,duration_error,start_time,start_price
Down,4312.337826023102,2025-12-31 21:28:22.913875579,6.937166213989258,4.381897926330566,4307.93,2025-12-31 21:44:00,Down,12.109999999999673,20.0,4.407826023101734,0.10231888686913979,5.172833786010415,15.618102073669434,2025-12-31 21:24:00,4320.04
Up,4319.035416566134,2025-12-31 21:58:43.343067169,8.5906982421875,14.722384452819824,4314.19,2025-12-31 21:46:00,Up,6.259999999999309,2.0,4.84541656613419,0.11231347173245015,2.330698242188191,12.722384452819824,2025-12-31 21:44:00,4307.93
Down,4307.4880099934335,2025-12-31 21:56:13.645362854,6.0575056076049805,10.227422714233398,4304.64,2025-12-31 22:02:00,Down,9.549999999999272,16.0,2.848009993433152,0.06616139778084001,3.492494392394292,5.772577285766602,2025-12-31 21:46:00,4314.19
Up,4312.600543670655,2025-12-31 22:11:08.342170715,8.844018936157227,9.139036178588867,4324.36,2025-12-31 22:43:00,Up,19.719999999999345,41.0,11.759456329345085,0.2719351841508359,10.875981063842119,31.860963821411133,2025-12-31 22:02:00,4304.64
Down,4315.4018312668795,2025-12-31 22:53:34.192371368,7.290714263916016,10.569872856140137,4307.05,2025-12-31 22:53:00,Down,17.30999999999949,10.0,8.351831266879344,0.19391071073888957,10.019285736083475,0.5698728561401367,2025-12-31 22:43:00,4324.36
Up,4314.2689716100695,2025-12-31 22:58:11.365699768,6.742584228515625,5.189428329467773,4316.42,2025-12-31 23:42:00,Up,9.36999999999989,49.0,2.151028389930616,0.049833621147400295,2.627415771484266,43.81057167053223,2025-12-31 22:53:00,4307.05
Down,4305.452724394799,2025-12-31 23:51:19.402027130,7.65728759765625,9.32336711883545,4313.74,2025-12-31 23:49:00,Down,2.680000000000291,7.0,8.287275605201103,0.19211347010253524,4.977287597655959,2.323367118835449,2025-12-31 23:42:00,4316.42
Up,4322.4306201839445,2025-12-31 23:56:11.156558990,8.3660888671875,7.185942649841309,4343.95,2026-01-02 01:36:00,Up,30.210000000000036,1547.0,21.519379816055334,0.49538737361284857,21.843911132812536,1539.8140573501587,2025-12-31 23:49:00,4313.74
Down,4334.378260350227,2026-01-02 01:41:34.850406646,4.684296607971191,5.580840110778809,4339.24,2026-01-02 01:40:00,Down,4.710000000000036,4.0,4.8617396497729715,0.11204127104684167,0.025703392028844974,1.5808401107788086,2026-01-02 01:36:00,4343.95
Up,4355.3645810127255,2026-01-02 01:48:51.190738677,9.344930648803711,8.853178977966309,4352.82,2026-01-02 02:10:00,Up,13.579999999999927,30.0,2.5445810127257573,0.0584582181832871,4.235069351196216,21.14682102203369,2026-01-02 01:40:00,4339.24
Down,4343.1877227902405,2026-01-02 02:20:56.640243530,7.273065567016602,10.94400405883789,4341.49,2026-01-02 02:26:00,Down,11.329999999999927,16.0,1.6977227902407321,0.039104611325621666,4.056934432983326,5.055995941162109,2026-01-02 02:10:00,4352.82
Up,4347.2994531595705,2026-01-02 02:30:15.342378616,8.49085807800293,4.255706310272217,4350.79,2026-01-02 02:38:00,Up,9.300000000000182,12.0,3.490546840429488,0.08022788598000566,0.8091419219972522,7.744293689727783,2026-01-02 02:26:00,4341.49
Down,4344.410029951334,2026-01-02 02:45:11.443119049,7.19930362701416,7.190718650817871,4346.71,2026-01-02 02:41:00,Down,4.079999999999927,3.0,2.2999700486661823,0.05291289385917584,3.119303627014233,4.190718650817871,2026-01-02 02:38:00,4350.79
Up,4363.037480328083,2026-01-02 03:52:02.724151611,9.339461326599121,71.04540252685547,4356.08,2026-01-02 02:57:00,Up,9.36999999999989,16.0,6.957480328082966,0.15971883730516806,0.030538673400769767,55.04540252685547,2026-01-02 02:41:00,4346.71
Down,4354.321440663338,2026-01-02 03:15:19.894523620,13.106215476989746,18.331575393676758,4344.59,2026-01-02 03:25:00,Down,11.489999999999782,28.0,9.731440663337708,0.22398985090279425,1.6162154769899644,9.668424606323242,2026-01-02 02:57:00,4356.08
Up,4357.624379068613,2026-01-02 03:33:54.521713256,7.8098039627075195,8.908695220947266,4351.49,2026-01-02 03:35:00,Up,6.899999999999636,10.0,6.134379068613271,0.14097192153982363,0.9098039627078833,1.0913047790527344,2026-01-02 03:25:00,4344.59
Down,4347.286665731668,2026-01-02 03:44:35.370998382,8.34769058227539,9.589516639709473,4345.77,2026-01-02 03:44:00,Down,5.719999999999345,9.0,1.516665731667672,0.03489981595131983,2.6276905822760455,0.5895166397094727,2026-01-02 03:35:00,4351.49
Up,4353.394750478268,2026-01-02 03:52:14.988441467,5.978570938110352,8.249807357788086,4354.48,2026-01-02 03:51:00,Up,8.709999999999127,7.0,1.0852495217313844,0.024922597456674148,2.7314290618887753,1.249807357788086,2026-01-02 03:44:00,4345.77
Down,4346.987130913734,2026-01-02 03:58:26.663017272,8.293992042541504,7.44438362121582,4345.23,2026-01-02 04:21:00,Down,9.25,30.0,1.757130913734727,0.04043815663922801,0.9560079574584961,22.55561637878418,2026-01-02 03:51:00,4354.48
Up,4353.377492727041,2026-01-02 04:28:19.587821960,7.505023002624512,7.32646369934082,4375.66,2026-01-02 05:48:00,Up,30.43000000000029,87.0,22.282507272959265,0.5092376298194847,22.92497699737578,79.67353630065918,2026-01-02 04:21:00,4345.23
Down,4370.062242268324,2026-01-02 06:00:46.028823852,8.842598915100098,12.767147064208984,4372.19,2026-01-02 05:56:00,Down,3.4700000000002547,8.0,2.127757731675956,0.04866571973486871,5.372598915099843,4.767147064208984,2026-01-02 05:48:00,4375.66
Up,4381.207379187345,2026-01-02 07:14:00.860595703,8.075725555419922,78.01434326171875,4378.49,2026-01-02 06:07:00,Up,6.300000000000182,11.0,2.717379187345614,0.06206201652500323,1.77572555541974,67.01434326171875,2026-01-02 05:56:00,4372.19
Down,4373.709659726023,2026-01-02 06:17:38.979721069,7.858671188354492,10.649662017822266,4371.43,2026-01-02 06:23:00,Down,7.059999999999491,16.0,2.2796597260230556,0.05214906165769681,0.7986711883550015,5.350337982177734,2026-01-02 06:07:00,4378.49
Up,4387.993642328978,2026-01-02 06:30:39.244709014,11.193126678466797,7.654078483581543,4376.11,2026-01-02 06:27:00,Up,4.6799999999993815,4.0,11.883642328978567,0.2715572124324701,6.513126678467415,3.654078483581543,2026-01-02 06:23:00,4371.43
Down,4369.1495784765475,2026-01-02 06:37:53.957118988,9.394505500793457,10.899285316467285,4371.13,2026-01-02 07:02:00,Down,4.979999999999563,35.0,1.9804215234526055,0.04530685482821617,4.414505500793894,24.100714683532715,2026-01-02 06:27:00,4376.11
Up,4384.778109073639,2026-01-02 07:12:41.873416900,12.382707595825195,10.697890281677246,4380.16,2026-01-02 07:11:00,Up,9.029999999999745,9.0,4.6181090736390615,0.10543242880714544,3.35270759582545,1.697890281677246,2026-01-02 07:02:00,4371.13
Down,4373.790221862793,2026-01-02 07:39:14.508705139,9.612022399902344,28.241811752319336,4375.3,2026-01-02 07:20:00,Down,4.859999999999673,9.0,1.509778137206922,0.03450684838084068,4.752022399902671,19.241811752319336,2026-01-02 07:11:00,4380.16
Up,4382.906148707867,2026-01-02 07:36:04.088859558,6.563031196594238,16.068147659301758,4380.14,2026-01-02 07:23:00,Up,4.8400000000001455,3.0,2.766148707866705,0.06315206152923662,1.7230311965940928,13.068147659301758,2026-01-02 07:20:00,4375.3
Down,4374.417721135616,2026-01-02 07:35:00.608310699,7.326511383056641,12.010138511657715,4377.88,2026-01-02 07:42:00,Down,2.2600000000002183,19.0,3.462278864383734,0.079085741600586,5.066511383056422,6.989861488342285,2026-01-02 07:23:00,4380.14
Up,4388.736230230332,2026-01-02 08:31:21.408004760,9.174507141113281,49.3568000793457,4381.72,2026-01-02 07:55:00,Up,3.8400000000001455,13.0,7.01623023033153,0.16012502465542136,5.334507141113136,36.3568000793457,2026-01-02 07:42:00,4377.88
Down,4376.056509811879,2026-01-02 08:02:48.572216033,8.698486328125,7.809536933898926,4373.8,2026-01-02 08:16:00,Down,7.920000000000073,21.0,2.256509811878459,0.05159151794500112,0.7784863281249272,13.190463066101074,2026-01-02 07:55:00,4381.72
Up,4386.673827910424,2026-01-02 08:25:05.625514984,5.502148628234863,9.093758583068848,4379.99,2026-01-02 08:29:00,Up,6.1899999999996,13.0,6.683827910424043,0.15259915914018166,0.6878513717647365,3.9062414169311523,2026-01-02 08:16:00,4373.8
Down,4374.058018628359,2026-01-02 08:56:03.229980468,9.106904983520508,27.0538330078125,4372.22,2026-01-02 09:10:00,Down,7.769999999999527,41.0,1.8380186283584408,0.0420385668689691,1.3369049835209807,13.9461669921875,2026-01-02 08:29:00,4379.99
Up,4379.740528123379,2026-01-02 09:26:47.858734130,7.928801536560059,16.797645568847656,4378.0,2026-01-02 09:14:00,Up,5.779999999999745,4.0,1.740528123378681,0.0397562385422266,2.1488015365603133,12.797645568847656,2026-01-02 09:10:00,4372.22
Down,4371.05222928524,2026-01-02 09:31:34.448204040,11.917786598205566,17.57413673400879,4371.97,2026-01-02 09:24:00,Down,6.029999999999745,10.0,0.9177707147600813,0.020992154904084,5.887786598205821,7.574136734008789,2026-01-02 09:14:00,4378.0
Up,4381.97820874095,2026-01-02 09:35:55.153312683,14.511914253234863,11.919221878051758,4380.72,2026-01-02 09:37:00,Up,8.75,13.0,1.2582087409500673,0.028721505618940886,5.761914253234863,1.0807781219482422,2026-01-02 09:24:00,4371.97
Down,4372.153461799622,2026-01-02 09:59:05.421981811,8.993841171264648,22.09036636352539,4375.33,2026-01-02 09:45:00,Down,5.390000000000327,8.0,3.176538200377763,0.07260111123910112,3.603841171264321,14.09036636352539,2026-01-02 09:37:00,4380.72
Up,4388.456081798076,2026-01-02 10:02:39.444808959,5.72111701965332,17.657413482666016,4386.76,2026-01-02 10:12:00,Up,11.430000000000291,27.0,1.696081798076193,0.038663656048568716,5.708882980346971,9.342586517333984,2026-01-02 09:45:00,4375.33
Down,4379.809570660591,2026-01-02 10:28:24.208488464,8.012436866760254,16.403474807739258,4381.74,2026-01-02 10:22:00,Down,5.020000000000437,10.0,1.9304293394088745,0.04405622742127271,2.9924368667598173,6.403474807739258,2026-01-02 10:12:00,4386.76
Up,4388.727397191525,2026-01-02 10:39:57.975997924,6.377163887023926,17.966266632080078,4397.4,2026-01-02 10:47:00,Up,15.659999999999854,25.0,8.672602808474949,0.19722114905341678,9.282836112975929,7.033733367919922,2026-01-02 10:22:00,4381.74
Down,4391.38389326334,2026-01-02 10:57:21.460361480,6.791849136352539,10.357672691345215,4386.12,2026-01-02 11:00:00,Down,11.279999999999745,13.0,5.263893263339924,0.12001252276134541,4.488150863647206,2.642327308654785,2026-01-02 10:47:00,4397.4
Up,4395.804005799293,2026-01-02 11:13:47.229995727,7.752386093139648,13.787166595458984,4391.2,2026-01-02 11:09:00,Up,5.079999999999927,9.0,4.604005799293191,0.10484618781410983,2.672386093139721,4.787166595458984,2026-01-02 11:00:00,4386.12
Down,4383.3159907341005,2026-01-02 11:20:01.103782653,8.87246322631836,11.018396377563477,4387.56,2026-01-02 11:13:00,Down,3.639999999999418,4.0,4.2440092658998765,0.09672823313868929,5.2324632263189415,7.018396377563477,2026-01-02 11:09:00,4391.2
Up,4395.77744861126,2026-01-02 11:21:33.119602203,8.433491706848145,8.551993370056152,4391.62,2026-01-02 11:16:00,Up,4.059999999999491,3.0,4.157448611260406,0.09466776750402828,4.373491706848654,5.551993370056152,2026-01-02 11:13:00,4387.56
Down,4383.408558995724,2026-01-02 11:31:03.794288635,9.505860328674316,15.063238143920898,4383.34,2026-01-02 11:22:00,Down,8.279999999999745,6.0,0.0685589957238335,0.0015640811738043023,1.225860328674571,9.063238143920898,2026-01-02 11:16:00,4391.62
Up,4391.346801464558,2026-01-02 11:35:50.147151947,6.769834518432617,13.835785865783691,4389.85,2026-01-02 11:30:00,Up,6.510000000000218,8.0,1.496801464557393,0.034096870384122305,0.2598345184323989,5.835785865783691,2026-01-02 11:22:00,4383.34
Down,4381.23734921217,2026-01-02 11:39:41.653289794,9.30911636352539,9.694221496582031,4384.58,2026-01-02 12:00:00,Down,5.270000000000437,30.0,3.34265078783028,0.07623651040305525,4.039116363524954,20.30577850341797,2026-01-02 11:30:00,4389.85
Up,4393.288415911197,2026-01-02 12:10:36.470203399,8.145858764648438,10.607836723327637,4390.06,2026-01-02 12:20:00,Up,5.480000000000473,20.0,3.228415911196862,0.07353922067572793,2.6658587646479646,9.392163276672363,2026-01-02 12:00:00,4384.58
Down,4385.0542917943,2026-01-02 12:49:48.735237121,5.268918991088867,29.812253952026367,4384.92,2026-01-02 12:30:00,Down,5.140000000000327,10.0,0.13429179430022486,0.0030625825397093873,0.12891899108853977,19.812253952026367,2026-01-02 12:20:00,4390.06
Up,4396.964587926865,2026-01-02 12:38:36.121845245,7.062531471252441,8.602030754089355,4398.55,2026-01-02 12:52:00,Up,13.63000000000011,22.0,1.5854120731355579,0.03604397069796996,6.567468528747668,13.397969245910645,2026-01-02 12:30:00,4384.92
Down,4391.205719450117,2026-01-02 13:03:50.916538238,8.97768783569336,11.84860897064209,4394.04,2026-01-02 13:13:00,Down,4.510000000000218,21.0,2.8342805498832604,0.06450283907026928,4.467687835693141,9.15139102935791,2026-01-02 12:52:00,4398.55
Up,4404.948351302147,2026-01-02 13:25:02.243499755,8.180680274963379,12.037391662597656,4399.32,2026-01-02 13:27:00,Up,5.279999999999745,14.0,5.628351302147166,0.1279368471069885,2.9006802749636336,1.9626083374023438,2026-01-02 13:13:00,4394.04
Down,4393.0993571734425,2026-01-02 13:40:42.382907867,6.220541954040527,13.706381797790527,4391.84,2026-01-02 13:37:00,Down,7.479999999999563,10.0,1.2593571734423676,0.028674932908356578,1.259458045959036,3.7063817977905273,2026-01-02 13:27:00,4399.32
Up,4400.862304859162,2026-01-02 13:45:03.767051696,7.699746131896973,8.062784194946289,4395.76,2026-01-02 13:44:00,Up,3.9200000000000728,7.0,5.10230485916145,0.1160733265501631,3.7797461318969,1.062784194946289,2026-01-02 13:37:00,4391.84
Down,4389.182558364869,2026-01-02 13:56:14.248580932,9.553871154785156,12.237476348876953,4390.76,2026-01-02 13:57:00,Down,5.0,13.0,1.5774416351314358,0.03592639167550574,4.553871154785156,0.7625236511230469,2026-01-02 13:44:00,4395.76
Up,4398.552667732239,2026-01-02 14:07:59.405994415,7.84876823425293,10.990099906921387,4398.36,2026-01-02 14:20:00,Up,7.599999999999454,23.0,0.1926677322389878,0.004380444807587097,0.24876823425347538,12.009900093078613,2026-01-02 13:57:00,4390.76
Down,4392.987237925529,2026-01-02 14:35:47.005805969,6.406445026397705,15.783430099487305,4385.36,2026-01-02 14:43:00,Down,13.0,23.0,7.627237925529698,0.17392501243979283,6.593554973602295,7.216569900512695,2026-01-02 14:20:00,4398.36
Up,4392.738455524444,2026-01-02 14:54:20.379867553,6.488236427307129,11.339664459228516,4402.38,2026-01-02 15:16:00,Up,17.020000000000437,33.0,9.641544475555747,0.2190075476345919,10.531763572693308,21.660335540771484,2026-01-02 14:43:00,4385.36
Down,4396.7433362782,2026-01-02 15:33:08.992309570,6.184123516082764,17.149871826171875,4366.1,2026-01-02 15:37:00,Down,36.279999999999745,21.0,30.643336278199968,0.7018468719956017,30.09587648391698,3.850128173828125,2026-01-02 15:16:00,4402.38
Up,4375.411901938915,2026-01-02 15:51:02.681522369,7.508376121520996,14.044692039489746,4377.84,2026-01-02 15:46:00,Up,11.739999999999782,9.0,2.428098061084711,0.055463380596017915,4.231623878478786,5.044692039489746,2026-01-02 15:37:00,4366.1
Down,4370.752880516053,2026-01-02 16:00:33.704395294,11.54692268371582,14.561739921569824,4362.16,2026-01-02 15:57:00,Down,15.680000000000291,11.0,8.592880516052901,0.1969868257022416,4.133077316284471,3.561739921569824,2026-01-02 15:46:00,4377.84
Up,4375.872143545151,2026-01-02 16:14:35.888442993,13.47275161743164,17.598140716552734,4372.74,2026-01-02 16:05:00,Up,10.579999999999927,8.0,3.1321435451509387,0.0716288538799686,2.8927516174317134,9.598140716552734,2026-01-02 15:57:00,4362.16
Down,4362.172789649963,2026-01-02 16:20:41.136474609,14.760030746459961,15.68560791015625,4367.1,2026-01-02 16:17:00,Down,5.639999999999418,12.0,4.927210350037058,0.11282568180341777,9.120030746460543,3.68560791015625,2026-01-02 16:05:00,4372.74
Up,4377.395884215832,2026-01-02 16:25:55.722255706,10.83617115020752,8.928704261779785,4373.66,2026-01-02 16:22:00,Up,6.559999999999491,5.0,3.735884215831902,0.08541780147135128,4.276171150208029,3.928704261779785,2026-01-02 16:17:00,4367.1
Down,4364.969623136521,2026-01-02 16:34:32.467231750,10.301630973815918,12.541120529174805,4348.04,2026-01-02 16:42:00,Down,25.61999999999989,20.0,16.929623136520604,0.38936217552093827,15.318369026183973,7.458879470825195,2026-01-02 16:22:00,4373.66
Up,4356.877989573479,2026-01-02 16:53:36.373271942,9.114401817321777,11.606221199035645,4363.16,2026-01-02 16:48:00,Up,15.11999999999989,6.0,6.282010426521083,0.14397845658928582,6.0055981826781135,5.6062211990356445,2026-01-02 16:42:00,4348.04
Down,4352.3779816699025,2026-01-02 17:02:49.468517303,11.337475776672363,14.824475288391113,4330.39,2026-01-02 17:24:00,Down,32.76999999999953,36.0,21.987981669902183,0.5077598477250821,21.432524223327164,21.175524711608887,2026-01-02 16:48:00,4363.16
Up,4339.104871881009,2026-01-02 17:36:41.507892608,9.650369644165039,12.691798210144043,4347.14,2026-01-02 17:45:00,Up,16.75,21.0,8.035128118991452,0.18483711403339786,7.099630355834961,8.308201789855957,2026-01-02 17:24:00,4330.39
Down,4333.540107313395,2026-01-02 17:56:12.776184082,11.851093292236328,11.212936401367188,4315.13,2026-01-02 18:24:00,Down,32.01000000000022,39.0,18.4101073133952,0.42664085006466085,20.15890670776389,27.787063598632812,2026-01-02 17:45:00,4347.14
Up,4325.754491574764,2026-01-02 18:33:11.856708526,10.736150741577148,9.197611808776855,4328.34,2026-01-02 18:47:00,Up,13.210000000000036,23.0,2.585508425236185,0.0597344114657394,2.473849258422888,13.802388191223145,2026-01-02 18:24:00,4315.13
Down,4315.917047585249,2026-01-02 19:04:11.536674499,13.471264839172363,17.192277908325195,4321.56,2026-01-02 18:56:00,Down,6.779999999999745,9.0,5.642952414751562,0.1305767457758671,6.691264839172618,8.192277908325195,2026-01-02 18:47:00,4328.34
Up,4332.051439032555,2026-01-02 19:02:11.653547286,9.189817428588867,6.194225788116455,4333.6,2026-01-02 19:05:00,Up,12.039999999999964,9.0,1.5485609674451553,0.03573382332114536,2.8501825714110964,2.805774211883545,2026-01-02 18:56:00,4321.56
Down,4326.6493329525,2026-01-02 19:16:06.788921356,9.731340408325195,11.11314868927002,4324.02,2026-01-02 19:26:00,Down,9.579999999999927,21.0,2.6293329524996807,0.06080760386167688,0.15134040832526807,9.88685131072998,2026-01-02 19:05:00,4333.6
Up,4335.664832589627,2026-01-02 19:33:16.109790802,11.844908714294434,7.268496513366699,4331.25,2026-01-02 19:30:00,Up,7.229999999999563,4.0,4.414832589626712,0.1019297567590583,4.61490871429487,3.268496513366699,2026-01-02 19:26:00,4324.02
Down,4324.001568183303,2026-01-02 19:41:01.336612701,7.405106544494629,11.022276878356934,4310.9,2026-01-02 20:15:00,Down,20.350000000000364,45.0,13.101568183303243,0.3039172373124694,12.944893455505735,33.977723121643066,2026-01-02 19:30:00,4331.25
Up,4321.57625850439,2026-01-02 20:23:50.032653808,10.9923095703125,8.833877563476562,4321.73,2026-01-02 20:25:00,Up,10.829999999999927,10.0,0.1537414956092107,0.0035574063074095487,0.16230957031257276,1.1661224365234375,2026-01-02 20:15:00,4310.9
Down,4304.174630787968,2026-01-02 20:38:45.082168579,12.592427253723145,13.75136947631836,4309.98,2026-01-02 20:44:00,Down,11.75,19.0,5.80536921203111,0.13469596638571665,0.8424272537231445,5.248630523681641,2026-01-02 20:25:00,4321.73
Up,4319.428077943325,2026-01-02 20:54:31.609611511,11.767552375793457,10.526826858520508,4323.25,2026-01-02 21:17:00,Up,13.270000000000437,33.0,3.8219220566752483,0.08840391040710688,1.5024476242069795,22.473173141479492,2026-01-02 20:44:00,4309.98
Down,4310.925662174821,2026-01-02 21:29:33.657474517,9.108647346496582,12.560957908630371,4316.45,2026-01-02 21:24:00,Down,6.800000000000182,7.0,5.524337825178918,0.1279833619103411,2.3086473464964,5.560957908630371,2026-01-02 21:17:00,4323.25
Up,4324.654159593582,2026-01-02 21:33:12.157287597,13.877532958984375,9.202621459960938,4326.39,2026-01-02 21:40:00,Up,9.94000000000051,16.0,1.7358404064179922,0.04012214355196809,3.9375329589838657,6.7973785400390625,2026-01-02 21:24:00,4316.45
Down,4315.214302564859,2026-01-02 21:50:48.198566436,9.718485832214355,10.803309440612793,4317.2,2026-01-02 22:00:00,Down,9.19000000000051,20.0,1.985697435140537,0.04599502999954917,0.5284858322138462,9.196690559387207,2026-01-02 21:40:00,4326.39
Up,4327.585129308701,2026-01-02 22:11:27.884616851,10.658600807189941,11.464743614196777,4331.85,2026-01-02 23:00:00,Up,14.650000000000546,60.0,4.26487069129962,0.09845379436729387,3.9913991928106043,48.53525638580322,2026-01-02 22:00:00,4317.2
Down,4322.028391805292,2026-01-02 23:18:46.420898437,9.119481086730957,18.773681640625,4327.18,2026-01-02 23:06:00,Down,4.670000000000073,6.0,5.151608194708388,0.11905232032659578,4.449481086730884,12.773681640625,2026-01-02 23:00:00,4331.85
Up,4338.406742925644,2026-01-02 23:15:54.440116882,8.77524471282959,9.90733528137207,4330.49,2026-01-02 23:36:00,Up,3.3099999999994907,30.0,7.91674292564403,0.18281402163829105,5.465244712830099,20.09266471862793,2026-01-02 23:06:00,4327.18
Down,4321.924118679762,2026-01-02 23:45:56.713829040,8.925019264221191,9.945230484008789,4327.02,2026-01-02 23:41:00,Down,3.469999999999345,5.0,5.095881320238732,0.11776884137902602,5.455019264221846,4.945230484008789,2026-01-02 23:36:00,4330.49
Up,4335.281388816834,2026-01-03 01:31:38.362884521,6.781042575836182,110.6393814086914,4372.68,2026-01-05 01:15:00,Up,45.659999999999854,2974.0,37.398611183166395,0.8552789406763448,38.87895742416367,2863.3606185913086,2026-01-02 23:41:00,4327.02
Down,4358.752605779171,2026-01-05 01:24:41.447982788,6.251865386962891,9.690799713134766,4354.45,2026-01-05 01:34:00,Down,18.230000000000473,19.0,4.302605779171245,0.09880939680490637,11.978134613037582,9.309200286865234,2026-01-05 01:15:00,4372.68
Up,4366.75193502307,2026-01-05 14:27:34.064941406,20.69219970703125,773.5677490234375,4375.9,2026-01-05 01:57:00,Up,21.449999999999818,23.0,9.148064976930073,0.20905562231609667,0.7578002929685681,750.5677490234375,2026-01-05 01:34:00,4354.45
Down,4358.292034941911,2026-01-05 02:04:18.422527313,12.335613250732422,7.307042121887207,4370.29,2026-01-05 02:05:00,Down,5.609999999999673,8.0,11.997965058088994,0.2745347576039346,6.725613250732749,0.692957878112793,2026-01-05 01:57:00,4375.9
Up,4380.0562754464145,2026-01-05 02:12:34.290847778,9.380485534667969,7.571514129638672,4396.67,2026-01-05 02:37:00,Up,26.38000000000011,32.0,16.613724553585598,0.377870628307005,16.99951446533214,24.428485870361328,2026-01-05 02:05:00,4370.29
Down,4379.744466668368,2026-01-05 02:44:00.139961242,8.543659210205078,7.00233268737793,4385.11,2026-01-05 02:47:00,Down,11.5600000000004,10.0,5.365533331631923,0.12235800998451403,3.016340789795322,2.9976673126220703,2026-01-05 02:37:00,4396.67
Up,4400.229378153085,2026-01-05 03:00:36.160583496,14.366230010986328,13.602676391601562,4420.88,2026-01-05 03:05:00,Up,35.77000000000044,18.0,20.650621846914873,0.4671156386718226,21.40376998901411,4.3973236083984375,2026-01-05 02:47:00,4385.11
Down,4408.293948040008,2026-01-05 03:12:25.039558410,11.442804336547852,7.417325973510742,4394.48,2026-01-05 03:20:00,Down,26.400000000000546,15.0,13.813948040008654,0.3143477280590344,14.957195663452694,7.582674026489258,2026-01-05 03:05:00,4420.88
Up,4407.66300833702,2026-01-05 03:30:12.149848937,14.463781356811523,10.202497482299805,4405.33,2026-01-05 03:26:00,Up,10.850000000000364,6.0,2.3330083370201464,0.05295876442900183,3.6137813568111596,4.202497482299805,2026-01-05 03:20:00,4394.48
Down,4393.911527448892,2026-01-05 03:33:41.358261108,12.1724853515625,7.689304351806641,4393.28,2026-01-05 03:31:00,Down,12.050000000000182,5.0,0.6315274488924842,0.014374850883451187,0.1224853515623181,2.6893043518066406,2026-01-05 03:26:00,4405.33
Up,4407.257033691406,2026-01-05 03:43:26.424064636,14.727629661560059,12.440401077270508,4406.84,2026-01-05 03:45:00,Up,13.5600000000004,14.0,0.41703369140577706,0.009463327268650032,1.1676296615596584,1.5595989227294922,2026-01-05 03:31:00,4393.28
Down,4396.491138236523,2026-01-05 04:02:50.769195556,12.868060111999512,17.846153259277344,4391.62,2026-01-05 03:52:00,Down,15.220000000000255,7.0,4.871138236522711,0.11091893735165409,2.351939888000743,10.846153259277344,2026-01-05 03:45:00,4406.84
Up,4400.906231465339,2026-01-05 04:14:19.712448120,10.628890991210938,22.328540802001953,4404.97,2026-01-05 04:00:00,Up,13.350000000000364,8.0,4.063768534660994,0.0922541705087888,2.7211090087894263,14.328540802001953,2026-01-05 03:52:00,4391.62
Down,4394.355096303821,2026-01-05 04:07:06.281433105,11.00649356842041,7.1046905517578125,4388.74,2026-01-05 04:08:00,Down,16.230000000000473,8.0,5.615096303820792,0.1279432434781006,5.223506431580063,0.8953094482421875,2026-01-05 04:00:00,4404.97
Up,4398.339280538558,2026-01-05 04:19:56.951236724,13.632065773010254,11.949187278747559,4406.9,2026-01-05 04:32:00,Up,18.159999999999854,24.0,8.560719461441295,0.19425717537137888,4.527934226989601,12.050812721252441,2026-01-05 04:08:00,4388.74
Down,4392.483263248205,2026-01-05 04:44:54.619445800,12.620643615722656,12.910324096679688,4398.77,2026-01-05 04:46:00,Down,8.1299999999992,14.0,6.286736751795615,0.1429203334522063,4.490643615723457,1.0896759033203125,2026-01-05 04:32:00,4406.9
Up,4409.340336062909,2026-01-05 04:57:28.978843688,13.454764366149902,11.482980728149414,4413.97,2026-01-05 05:05:00,Up,15.199999999999818,19.0,4.629663937091209,0.10488661991565888,1.7452356338499158,7.517019271850586,2026-01-05 04:46:00,4398.77
Down,4400.232856150866,2026-01-05 05:17:37.770137786,10.69413948059082,12.629502296447754,4403.58,2026-01-05 05:35:00,Down,10.390000000000327,30.0,3.347143849134227,0.07600960693649773,0.3041394805904929,17.370497703552246,2026-01-05 05:05:00,4413.97
Up,4413.203865144253,2026-01-05 05:45:54.046325683,9.574761390686035,10.900772094726562,4410.74,2026-01-05 05:43:00,Up,7.1599999999998545,8.0,2.46386514425285,0.05586058448815505,2.4147613906861807,2.9007720947265625,2026-01-05 05:35:00,4403.58
Down,4403.207109369039,2026-01-05 05:58:41.396484375,8.132046699523926,15.68994140625,4397.35,2026-01-05 06:03:00,Down,13.389999999999418,20.0,5.857109369038881,0.13319634254810012,5.257953300475492,4.31005859375,2026-01-05 05:43:00,4410.74
Up,4407.72191952467,2026-01-05 06:20:30.834388732,8.779997825622559,17.513906478881836,4408.39,2026-01-05 06:50:00,Up,11.039999999999964,47.0,0.6680804753304983,0.015154749814115772,2.260002174377405,29.486093521118164,2026-01-05 06:03:00,4397.35
Down,4400.442808073163,2026-01-05 07:09:03.295555114,8.31320571899414,19.0549259185791,4403.55,2026-01-05 06:55:00,Down,4.8400000000001455,5.0,3.107191926837004,0.07056106838430366,3.473205718993995,14.054925918579102,2026-01-05 06:50:00,4408.39
Up,4412.586387169361,2026-01-05 07:23:10.491371154,9.84907054901123,28.174856185913086,4414.52,2026-01-05 07:31:00,Up,10.970000000000255,36.0,1.933612830639504,0.043801202183691636,1.1209294509890242,7.825143814086914,2026-01-05 06:55:00,4403.55
Down,4405.719491267205,2026-01-05 07:43:04.447689056,7.5403852462768555,12.074128150939941,4401.08,2026-01-05 07:45:00,Down,13.44000000000051,14.0,4.639491267204903,0.10541710823718049,5.899614753723654,1.9258718490600586,2026-01-05 07:31:00,4414.52
Up,4412.892486195564,2026-01-05 07:56:34.467544555,11.305850982666016,11.574459075927734,4426.4,2026-01-05 08:30:00,Up,25.31999999999971,45.0,13.507513804435803,0.30515800208828403,14.014149017333693,33.425540924072266,2026-01-05 07:45:00,4401.08
Down,4416.46427540779,2026-01-05 08:40:11.458568572,9.504816055297852,10.1909761428833,4416.15,2026-01-05 08:35:00,Down,10.25,5.0,0.3142754077907739,0.007116502106830019,0.7451839447021484,5.190976142883301,2026-01-05 08:30:00,4426.4
Up,4430.073446559905,2026-01-05 08:59:51.444053649,15.311912536621094,24.85740089416504,4423.96,2026-01-05 09:05:00,Up,7.8100000000004,30.0,6.113446559905242,0.1381894628320609,7.501912536620694,5.142599105834961,2026-01-05 08:35:00,4416.15
Down,4415.329473290443,2026-01-05 09:13:01.872138977,8.2160062789917,8.03120231628418,4416.77,2026-01-05 09:07:00,Down,7.1899999999996,2.0,1.4405267095571617,0.0326149360178855,1.0260062789920994,6.03120231628418,2026-01-05 09:05:00,4423.96
Up,4431.125568176509,2026-01-05 09:25:29.379730224,13.58243465423584,18.489662170410156,4423.27,2026-01-05 09:19:00,Up,6.5,12.0,7.855568176508314,0.1775963976087445,7.08243465423584,6.489662170410156,2026-01-05 09:07:00,4416.77
Down,4415.264345572591,2026-01-05 09:31:38.635482788,13.332831382751465,12.643924713134766,4418.66,2026-01-05 09:30:00,Down,4.610000000000582,11.0,3.395654427408772,0.07684805862883254,8.722831382750883,1.6439247131347656,2026-01-05 09:19:00,4423.27
Up,4430.363227505683,2026-01-05 09:38:31.418609619,11.05479621887207,8.523643493652344,4425.15,2026-01-05 09:44:00,Up,6.489999999999782,14.0,5.21322750568379,0.11780905744853372,4.564796218872289,5.476356506347656,2026-01-05 09:30:00,4418.66
Down,4417.59170794487,2026-01-05 09:54:07.045555114,8.779521942138672,10.117425918579102,4420.0,2026-01-05 09:51:00,Down,5.149999999999636,7.0,2.408292055130005,0.05448624559117658,3.6295219421390357,3.1174259185791016,2026-01-05 09:44:00,4425.15
Up,4429.916353225708,2026-01-05 10:05:24.623107910,10.234366416931152,14.410385131835938,4423.61,2026-01-05 10:00:00,Up,3.6099999999996726,9.0,6.306353225708335,0.14256123902668488,6.62436641693148,5.4103851318359375,2026-01-05 09:51:00,4420.0
Down,4416.128956272006,2026-01-05 10:11:24.169864654,7.362459182739258,11.402831077575684,4419.42,2026-01-05 10:01:00,Down,4.1899999999996,1.0,3.2910437279942926,0.0744677746852368,3.172459182739658,10.402831077575684,2026-01-05 10:00:00,4423.61
Up,4436.148094081878,2026-01-05 10:13:41.672401428,10.76935863494873,12.694540023803711,4430.12,2026-01-05 10:17:00,Up,10.699999999999818,16.0,6.0280940818784075,0.13607067262011882,0.06935863494891237,3.305459976196289,2026-01-05 10:01:00,4419.42
Down,4423.550821576118,2026-01-05 10:28:57.026824951,9.602087020874023,11.950447082519531,4423.78,2026-01-05 10:30:00,Down,6.3400000000001455,13.0,0.22917842388142162,0.005180601745146044,3.262087020873878,1.0495529174804688,2026-01-05 10:17:00,4430.12
Up,4431.925535693168,2026-01-05 10:39:46.384334564,7.838672637939453,9.773072242736816,4433.77,2026-01-05 10:51:00,Up,9.990000000000691,21.0,1.8444643068323785,0.04160036056972685,2.151327362061238,11.226927757263184,2026-01-05 10:30:00,4423.78
Down,4426.579388164879,2026-01-05 11:04:37.733688354,6.868905067443848,13.628894805908203,4426.22,2026-01-05 11:12:00,Down,7.550000000000182,21.0,0.35938816487851,0.00811952783364835,0.6810949325563342,7.371105194091797,2026-01-05 10:51:00,4433.77
Up,4432.977569258213,2026-01-05 11:22:12.710151672,5.6456475257873535,10.211835861206055,4434.51,2026-01-05 11:25:00,Up,8.289999999999964,13.0,1.5324307417868113,0.034556935079339345,2.64435247421261,2.7881641387939453,2026-01-05 11:12:00,4426.22
Down,4426.716073023677,2026-01-05 11:33:58.564624786,8.44028377532959,8.97607707977295,4430.94,2026-01-05 11:37:00,Down,3.5700000000006185,12.0,4.223926976322218,0.09532801112906558,4.870283775328971,3.023922920227051,2026-01-05 11:25:00,4434.51
Up,4444.10033245325,2026-01-05 11:46:29.598999023,8.258617401123047,9.493316650390625,4438.26,2026-01-05 11:45:00,Up,7.3200000000006185,8.0,5.840332453250085,0.13159058850202748,0.9386174011224284,1.493316650390625,2026-01-05 11:37:00,4430.94
Down,4431.349662330151,2026-01-05 11:58:27.497005462,7.510714530944824,13.458283424377441,4430.84,2026-01-05 12:06:00,Down,7.420000000000073,21.0,0.5096623301506042,0.011502611923486386,0.09071453094475146,7.541716575622559,2026-01-05 11:45:00,4438.26
Up,4438.850640077591,2026-01-05 12:15:58.830814361,6.801353454589844,9.980513572692871,4438.96,2026-01-05 12:38:00,Up,8.11999999999989,32.0,0.10935992240865744,0.0024636383839605996,1.318646545410047,22.01948642730713,2026-01-05 12:06:00,4430.84
Down,4432.20388244152,2026-01-05 12:53:55.472145080,7.426527976989746,15.924535751342773,4434.26,2026-01-05 12:46:00,Down,4.699999999999818,8.0,2.056117558479855,0.04636889939876901,2.726527976989928,7.924535751342773,2026-01-05 12:38:00,4438.96
Up,4442.1859031343465,2026-01-05 13:00:00.927085876,7.184040069580078,14.015451431274414,4439.86,2026-01-05 12:54:00,Up,5.599999999999454,8.0,2.325903134346845,0.05238685756638374,1.5840400695806238,6.015451431274414,2026-01-05 12:46:00,4434.26
Down,4431.707085542678,2026-01-05 13:04:16.107044219,7.046069145202637,10.268450736999512,4430.16,2026-01-05 13:05:00,Down,9.699999999999818,11.0,1.54708554267836,0.03492166293493599,2.6539308547971814,0.7315492630004883,2026-01-05 12:54:00,4439.86
Up,4442.937772092819,2026-01-05 13:23:47.472496032,11.18887996673584,18.791208267211914,4433.8,2026-01-05 13:15:00,Up,3.6400000000003274,10.0,9.137772092818523,0.20609346593934147,7.548879966735512,8.791208267211914,2026-01-05 13:05:00,4430.16
Down,4426.334229159355,2026-01-05 13:27:15.185337066,7.670703887939453,12.25308895111084,4411.08,2026-01-05 13:27:00,Down,22.720000000000255,12.0,15.254229159355418,0.34581619828603016,15.049296112060802,0.25308895111083984,2026-01-05 13:15:00,4433.8
Up,4420.209137978553,2026-01-05 13:37:33.137226104,9.078147888183594,10.552287101745605,4426.13,2026-01-05 13:50:00,Up,15.050000000000182,23.0,5.920862021446737,0.13377063080945967,5.971852111816588,12.447712898254395,2026-01-05 13:27:00,4411.08
Down,4410.504593040943,2026-01-05 14:01:24.658298492,10.536474227905273,11.410971641540527,4405.62,2026-01-05 14:50:00,Down,20.51000000000022,60.0,4.8845930409434,0.1108718645943908,9.973525772094945,48.58902835845947,2026-01-05 13:50:00,4426.13
Up,4417.059706664085,2026-01-05 14:58:18.837261199,8.282350540161133,8.31395435333252,4419.06,2026-01-05 15:06:00,Up,13.44000000000051,16.0,2.0002933359155577,0.045265131858711075,5.1576494598393765,7.6860456466674805,2026-01-05 14:50:00,4405.62
Down,4403.343920942545,2026-01-05 15:18:22.726993560,12.068583488464355,12.378783226013184,4407.5,2026-01-05 15:11:00,Down,11.5600000000004,5.0,4.156079057454917,0.09429561105966915,0.5085834884639553,7.378783226013184,2026-01-05 15:06:00,4419.06
Up,4418.222668170929,2026-01-05 15:20:56.751708984,14.119589805603027,9.94586181640625,4413.25,2026-01-05 15:20:00,Up,5.75,9.0,4.972668170928955,0.11267587766224335,8.369589805603027,0.94586181640625,2026-01-05 15:11:00,4407.5
Down,4395.254472866654,2026-01-05 15:29:20.939140319,12.291393280029297,9.34898567199707,4396.38,2026-01-05 15:30:00,Down,16.86999999999989,10.0,1.125527133345713,0.02560122494747299,4.578606719970594,0.6510143280029297,2026-01-05 15:20:00,4413.25
Up,4406.562531716823,2026-01-05 15:46:17.741775512,12.526144981384277,16.295696258544922,4415.17,2026-01-05 15:49:00,Up,18.789999999999964,19.0,8.607468283176786,0.19495213736224848,6.263855018615686,2.704303741455078,2026-01-05 15:30:00,4396.38
Down,4395.774766070843,2026-01-05 16:02:56.089725494,12.164658546447754,13.934828758239746,4411.41,2026-01-05 15:55:00,Down,3.7600000000002183,6.0,15.635233929157039,0.35442713166894574,8.404658546447536,7.934828758239746,2026-01-05 15:49:00,4415.17
Up,4419.508568201065,2026-01-05 16:04:47.590255737,9.49570369720459,9.793170928955078,4429.79,2026-01-05 16:21:00,Up,18.38000000000011,26.0,10.281431798935046,0.23209749895446613,8.88429630279552,16.206829071044922,2026-01-05 15:55:00,4411.41
Down,4419.5271824079755,2026-01-05 16:30:46.820468902,9.054224967956543,9.780341148376465,4418.09,2026-01-05 16:30:00,Down,11.699999999999818,9.0,1.4371824079753424,0.03252949595810276,2.645775032043275,0.7803411483764648,2026-01-05 16:21:00,4429.79
Up,4430.912487251759,2026-01-05 16:50:13.382034301,10.377378463745117,20.223033905029297,4427.41,2026-01-05 16:34:00,Up,9.319999999999709,4.0,3.5024872517587937,0.07910916883141145,1.0573784637454082,16.223033905029297,2026-01-05 16:30:00,4418.09
Down,4416.602213025689,2026-01-05 16:49:34.864196777,14.688126564025879,15.581069946289062,4417.9,2026-01-05 16:36:00,Down,9.510000000000218,2.0,1.2977869743108386,0.02937565300959367,5.178126564025661,13.581069946289062,2026-01-05 16:34:00,4427.41
Up,4430.009371984004,2026-01-05 16:48:40.273876190,16.143356323242188,12.671231269836426,4455.78,2026-01-05 17:07:00,Up,37.88000000000011,31.0,25.7706280159955,0.5783640129448828,21.73664367675792,18.328768730163574,2026-01-05 16:36:00,4417.9
Down,4440.418021781445,2026-01-05 17:17:19.545364379,12.92416763305664,10.325756072998047,4435.76,2026-01-05 17:38:00,Down,20.019999999999527,31.0,4.658021781444404,0.1050106809530814,7.095832366942886,20.674243927001953,2026-01-05 17:07:00,4455.78
Up,4448.246171827316,2026-01-05 17:51:53.050460815,14.059146881103516,13.884174346923828,4451.45,2026-01-05 18:01:00,Up,15.6899999999996,23.0,3.203828172683643,0.07197268693759658,1.6308531188960842,9.115825653076172,2026-01-05 17:38:00,4435.76
Down,4437.718261474371,2026-01-05 18:15:40.011749267,14.986215591430664,14.666862487792969,4438.46,2026-01-05 18:08:00,Down,12.989999999999782,7.0,0.7417385256294438,0.01671161902167517,1.9962155914308823,7.666862487792969,2026-01-05 18:01:00,4451.45
Up,4452.628391451835,2026-01-05 18:23:03.305740356,12.964584350585938,15.055095672607422,4448.77,2026-01-05 18:16:00,Up,10.3100000000004,8.0,3.8583914518349047,0.08672939827940991,2.6545843505855373,7.055095672607422,2026-01-05 18:08:00,4438.46
Down,4437.728431315422,2026-01-05 18:24:13.724899291,12.136234283447266,8.228748321533203,4440.31,2026-01-05 18:30:00,Down,8.460000000000036,14.0,2.5815686845780874,0.05813937956084343,3.6762342834472292,5.771251678466797,2026-01-05 18:16:00,4448.77
Up,4454.151350816489,2026-01-05 18:45:26.945343017,11.523626327514648,15.449089050292969,4454.43,2026-01-05 18:54:00,Up,14.11999999999989,24.0,0.27864918351133383,0.006255551967621757,2.5963736724852424,8.550910949707031,2026-01-05 18:30:00,4440.31
Down,4443.989557980895,2026-01-05 19:16:06.089744567,11.350698471069336,22.10149574279785,4432.4,2026-01-05 19:05:00,Down,22.030000000000655,11.0,11.589557980895734,0.2614736481566586,10.679301528931319,11.101495742797852,2026-01-05 18:54:00,4454.43
Up,4442.127007341384,2026-01-05 19:21:10.047798156,9.47077465057373,16.167463302612305,4449.13,2026-01-05 19:26:00,Up,16.730000000000473,21.0,7.002992658615767,0.15740139439880982,7.2592253494267425,4.832536697387695,2026-01-05 19:05:00,4432.4
Down,4436.364606098533,2026-01-05 19:36:44.515514373,10.641124725341797,10.741925239562988,4437.84,2026-01-05 19:44:00,Down,11.289999999999964,18.0,1.4753939014672142,0.03324576599127536,0.6488752746581667,7.258074760437012,2026-01-05 19:26:00,4449.13
Up,4449.4824018001555,2026-01-05 19:59:12.884330749,11.490607261657715,15.214738845825195,4445.75,2026-01-05 19:57:00,Up,7.9099999999998545,13.0,3.7324018001554577,0.08395437890469455,3.5806072616578604,2.2147388458251953,2026-01-05 19:44:00,4437.84
Down,4437.092333316803,2026-01-05 20:12:14.634361267,9.710840225219727,15.243906021118164,4441.89,2026-01-05 20:01:00,Down,3.8599999999996726,4.0,4.797666683197349,0.10800957887740013,5.850840225220054,11.243906021118164,2026-01-05 19:57:00,4445.75
Up,4451.663250070811,2026-01-05 20:10:07.421379089,7.453716278076172,9.123689651489258,4448.59,2026-01-05 20:16:00,Up,6.699999999999818,15.0,3.0732500708109,0.06908368878253335,0.7537162780763538,5.876310348510742,2026-01-05 20:01:00,4441.89
Down,4440.771856861711,2026-01-05 20:24:45.591773986,8.33092212677002,8.759862899780273,4439.88,2026-01-05 20:29:00,Down,8.710000000000036,13.0,0.8918568617109486,0.0200874091577013,0.37907787323001685,4.240137100219727,2026-01-05 20:16:00,4448.59
Up,4449.070330066681,2026-01-05 20:40:10.657253265,8.879326820373535,11.177620887756348,4449.24,2026-01-05 21:00:00,Up,9.359999999999673,31.0,0.16966993331880076,0.0038134587776519307,0.4806731796261374,19.822379112243652,2026-01-05 20:29:00,4439.88
Down,4442.129051356315,2026-01-05 21:10:34.661235809,6.894250392913818,10.57768726348877,4435.14,2026-01-05 21:10:00,Down,14.099999999999454,10.0,6.989051356315031,0.157583556693025,7.205749607085636,0.5776872634887695,2026-01-05 21:00:00,4449.24
Up,4445.300217926502,2026-01-05 21:23:01.833343505,11.980502128601074,13.030555725097656,4445.86,2026-01-05 21:34:00,Up,10.719999999999345,24.0,0.5597820734974448,0.01259108639267644,1.260502128601729,10.969444274902344,2026-01-05 21:10:00,4435.14
Down,4437.347600756883,2026-01-05 21:42:28.907604217,8.381632804870605,8.481793403625488,4438.66,2026-01-05 21:56:00,Down,7.199999999999818,22.0,1.312399243116488,0.029567465025852124,1.1816328048707874,13.518206596374512,2026-01-05 21:34:00,4445.86
Up,4446.263061859608,2026-01-05 22:07:08.665008544,8.805320739746094,11.144416809082031,4447.0,2026-01-05 22:21:00,Up,8.340000000000146,25.0,0.7369381403923398,0.016571579500614792,0.46532073974594823,13.855583190917969,2026-01-05 21:56:00,4438.66
Down,4440.6061779260635,2026-01-05 22:30:49.624557495,7.005674362182617,9.827075958251953,4438.07,2026-01-05 22:44:00,Down,8.930000000000291,23.0,2.5361779260638286,0.05714596493664653,1.9243256378176739,13.172924041748047,2026-01-05 22:21:00,4447.0
Up,4446.308509421348,2026-01-05 22:55:14.898490905,8.598249435424805,11.248308181762695,4448.24,2026-01-05 23:10:00,Up,10.170000000000073,26.0,1.9314905786513918,0.0434214560961502,1.571750564575268,14.751691818237305,2026-01-05 22:44:00,4438.07
Down,4441.129854187965,2026-01-05 23:30:12.914314270,5.958709716796875,20.215238571166992,4443.46,2026-01-05 23:19:00,Down,4.779999999999745,9.0,2.3301458120349707,0.05243989620779686,1.1787097167971297,11.215238571166992,2026-01-05 23:10:00,4448.24
Up,4455.310486650467,2026-01-05 23:29:48.842353820,7.224142074584961,10.81403923034668,4448.37,2026-01-05 23:34:00,Up,4.9099999999998545,15.0,6.940486650467392,0.15602314219517244,2.3141420745851065,4.18596076965332,2026-01-05 23:19:00,4443.46
Down,4442.262154018878,2026-01-05 23:45:24.341812133,6.268588542938232,11.405696868896484,4445.29,2026-01-05 23:47:00,Down,3.0799999999999272,13.0,3.0278459811215725,0.06811357596740758,3.188588542938305,1.5943031311035156,2026-01-05 23:34:00,4448.37
Up,4468.86189533472,2026-01-06 00:01:56.689453125,9.9795503616333,14.94482421875,4460.09,2026-01-06 01:10:00,Up,14.800000000000182,83.0,8.771895334720284,0.1966752988105685,4.820449638366881,68.05517578125,2026-01-05 23:47:00,4445.29
Down,4450.468377594352,2026-01-06 01:23:43.768672943,9.105379104614258,13.729477882385254,4436.76,2026-01-06 02:01:00,Down,23.329999999999927,51.0,13.708377594351987,0.3089727096879702,14.22462089538567,37.270522117614746,2026-01-06 01:10:00,4460.09
Up,4447.724159345627,2026-01-06 02:20:42.011032104,14.532801628112793,19.700183868408203,4444.78,2026-01-06 02:31:00,Up,8.019999999999527,30.0,2.944159345627668,0.06623858426351063,6.512801628113266,10.299816131591797,2026-01-06 02:01:00,4436.76
Down,4434.856799411774,2026-01-06 02:43:03.919143676,6.49237060546875,12.065319061279297,4430.46,2026-01-06 02:40:00,Down,14.319999999999709,9.0,4.396799411773827,0.0992402461995781,7.827629394530959,3.065319061279297,2026-01-06 02:31:00,4444.78
Up,4441.974769663811,2026-01-06 02:52:35.045700073,9.164253234863281,12.584095001220703,4438.21,2026-01-06 02:48:00,Up,7.75,8.0,3.7647696638105117,0.08482630753863633,1.4142532348632812,4.584095001220703,2026-01-06 02:40:00,4430.46
Down,4424.759304386377,2026-01-06 03:00:56.498794555,10.99448013305664,12.941646575927734,4434.68,2026-01-06 02:54:00,Down,3.5299999999997453,6.0,9.920695613623138,0.22370713588405786,7.464480133056895,6.941646575927734,2026-01-06 02:48:00,4438.21
Up,4446.012778353692,2026-01-06 03:10:16.329460144,9.40377140045166,16.272157669067383,4440.24,2026-01-06 03:00:00,Up,5.559999999999491,6.0,5.772778353692047,0.1300105028938086,3.8437714004521695,10.272157669067383,2026-01-06 02:54:00,4434.68
Down,4429.768504858017,2026-01-06 03:17:45.706558227,10.40005111694336,17.761775970458984,4428.06,2026-01-06 03:03:00,Down,12.179999999999382,3.0,1.7085048580165676,0.03858359773843551,1.7799488830560222,14.761775970458984,2026-01-06 03:00:00,4440.24
Up,4438.845355796814,2026-01-06 03:11:37.586688995,17.76610565185547,8.626444816589355,4444.21,2026-01-06 03:15:00,Up,16.149999999999636,12.0,5.36464420318589,0.1207108620696567,1.6161056518558325,3.3735551834106445,2026-01-06 03:03:00,4428.06
Down,4427.05139020741,2026-01-06 03:24:36.870918273,17.979671478271484,9.61451530456543,4432.78,2026-01-06 03:34:00,Down,11.430000000000291,19.0,5.72860979258985,0.12923289205847913,6.549671478271193,9.38548469543457,2026-01-06 03:15:00,4444.21
Up,4445.195957317352,2026-01-06 03:46:02.863311767,12.627767562866211,12.047721862792969,4460.98,2026-01-06 04:30:00,Up,28.199999999999818,56.0,15.78404268264785,0.3538245560986118,15.572232437133607,43.95227813720703,2026-01-06 03:34:00,4432.78
Down,4447.701463190317,2026-01-06 04:38:30.318889617,9.573589324951172,8.505314826965332,4448.9,2026-01-06 04:41:00,Down,12.079999999999927,11.0,1.1985368096829916,0.02694007079689343,2.5064106750487554,2.494685173034668,2026-01-06 04:30:00,4460.98
Up,4461.360047793388,2026-01-06 04:51:56.622791290,12.649863243103027,10.943713188171387,4457.55,2026-01-06 04:49:00,Up,8.650000000000546,8.0,3.810047793387639,0.0854740337940716,3.9998632431024816,2.9437131881713867,2026-01-06 04:41:00,4448.9
Down,4448.091677328945,2026-01-06 04:58:17.163276672,11.993758201599121,9.286054611206055,4451.88,2026-01-06 04:57:00,Down,5.670000000000073,8.0,3.788322671055539,0.08509489633717753,6.323758201599048,1.2860546112060547,2026-01-06 04:49:00,4457.55
Up,4466.08645424366,2026-01-06 05:07:18.446159362,10.341893196105957,10.307435989379883,4468.06,2026-01-06 05:24:00,Up,16.18000000000029,27.0,1.9735457563401724,0.044170081788072954,5.838106803894334,16.692564010620117,2026-01-06 04:57:00,4451.88
Down,4455.606478407383,2026-01-06 05:33:11.905860900,10.416223526000977,9.198431015014648,4464.66,2026-01-06 05:50:00,Down,3.4000000000005457,26.0,9.053521592616562,0.2027818824415871,7.016223526000431,16.80156898498535,2026-01-06 05:24:00,4468.06
Up,4474.252362306118,2026-01-06 06:01:54.493846893,9.574769020080566,11.908230781555176,4468.12,2026-01-06 05:55:00,Up,3.4600000000000364,5.0,6.1323623061180115,0.13724703692197193,6.11476902008053,6.908230781555176,2026-01-06 05:50:00,4464.66
Down,4459.806266539097,2026-01-06 06:07:33.262195587,7.091019630432129,12.554369926452637,4464.73,2026-01-06 06:07:00,Down,3.3900000000003274,12.0,4.92373346090244,0.11028065439348943,3.7010196304318015,0.5543699264526367,2026-01-06 05:55:00,4468.12
Up,4473.123914321661,2026-01-06 06:16:01.569042205,6.32144021987915,9.026150703430176,4468.55,2026-01-06 06:12:00,Up,3.8200000000006185,5.0,4.573914321660595,0.10235790853096854,2.501440219878532,4.026150703430176,2026-01-06 06:07:00,4464.73
Down,4462.547086292506,2026-01-06 06:29:46.542320251,13.94109058380127,17.775705337524414,4463.25,2026-01-06 06:15:00,Down,5.300000000000182,3.0,0.70291370749419,0.015748920797494875,8.641090583801088,14.775705337524414,2026-01-06 06:12:00,4468.55
Up,4480.944748073816,2026-01-06 06:27:14.541778564,10.697999000549316,12.242362976074219,4466.37,2026-01-06 06:34:00,Up,3.119999999999891,19.0,14.574748073816409,0.32632200363642977,7.5779990005494255,6.757637023925781,2026-01-06 06:15:00,4463.25
Down,4458.876274632811,2026-01-06 06:54:03.225173950,8.849627494812012,20.053752899169922,4461.96,2026-01-06 06:43:00,Down,4.4099999999998545,9.0,3.0837253671888902,0.06911145252733979,4.439627494812157,11.053752899169922,2026-01-06 06:34:00,4466.37
Up,4476.723612957001,2026-01-06 07:00:01.294670104,9.789507865905762,17.021577835083008,4469.54,2026-01-06 07:05:00,Up,7.579999999999927,22.0,7.18361295700106,0.16072376479461106,2.2095078659058345,4.978422164916992,2026-01-06 06:43:00,4461.96
Down,4460.540561074018,2026-01-06 07:22:35.026016235,9.70600700378418,17.58376693725586,4466.92,2026-01-06 07:15:00,Down,2.619999999999891,10.0,6.379438925981958,0.14281515957263524,7.086007003784289,7.583766937255859,2026-01-06 07:05:00,4469.54
Up,4479.570031032562,2026-01-06 07:30:28.534469604,6.685117244720459,15.475574493408203,4474.15,2026-01-06 07:31:00,Up,7.229999999999563,16.0,5.420031032562292,0.1211410219273447,0.5448827552791045,0.5244255065917969,2026-01-06 07:15:00,4466.92
Down,4466.369874137639,2026-01-06 07:41:07.230548858,7.438991546630859,10.120509147644043,4449.56,2026-01-06 07:57:00,Down,24.589999999999236,26.0,16.80987413763887,0.3777873348744341,17.151008453368377,15.879490852355957,2026-01-06 07:31:00,4474.15
Up,4461.233678932191,2026-01-06 08:10:08.907966613,12.284658432006836,13.148466110229492,4465.82,2026-01-06 08:37:00,Up,16.25999999999931,40.0,4.586321067808967,0.10269829656835627,3.975341567992473,26.851533889770508,2026-01-06 07:57:00,4449.56
Down,4450.406105421781,2026-01-06 08:50:51.107368469,12.404802322387695,13.851789474487305,4461.23,2026-01-06 08:46:00,Down,4.5900000000001455,9.0,10.823894578218642,0.24262130798498716,7.81480232238755,4.851789474487305,2026-01-06 08:37:00,4465.82
Up,4471.412758666276,2026-01-06 08:57:59.935970306,10.352051734924316,11.998932838439941,4470.48,2026-01-06 09:09:00,Up,9.25,23.0,0.9327586662766407,0.020864843736615325,1.1020517349243164,11.001067161560059,2026-01-06 08:46:00,4461.23
Down,4464.109707970619,2026-01-06 09:23:52.221565246,8.124149322509766,14.870359420776367,4461.66,2026-01-06 09:26:00,Down,8.819999999999709,17.0,2.4497079706188742,0.05490575190890553,0.6958506774899433,2.129640579223633,2026-01-06 09:09:00,4470.48
Up,4473.628700287342,2026-01-06 09:38:29.481124877,8.218174934387207,12.491352081298828,4467.25,2026-01-06 09:32:00,Up,5.5900000000001455,6.0,6.378700287342326,0.14278807515456549,2.6281749343870615,6.491352081298828,2026-01-06 09:26:00,4461.66
Down,4457.651806786656,2026-01-06 09:40:14.960002899,9.091937065124512,8.249333381652832,4457.25,2026-01-06 09:56:00,Down,10.0,24.0,0.4018067866563797,0.009014679155451897,0.9080629348754883,15.750666618347168,2026-01-06 09:32:00,4467.25
Up,4467.9332347512245,2026-01-06 10:14:19.481964111,9.205134391784668,18.32469940185547,4475.73,2026-01-06 10:27:00,Up,18.479999999999563,31.0,7.796765248775046,0.1742009738919695,9.274865608214895,12.675300598144531,2026-01-06 09:56:00,4457.25
Down,4464.018608372211,2026-01-06 10:47:25.219001770,9.344099044799805,20.420316696166992,4464.53,2026-01-06 10:41:00,Down,11.199999999999818,14.0,0.5113916277887256,0.011454545669728406,1.8559009552000134,6.420316696166992,2026-01-06 10:27:00,4475.73
Up,4473.3705976092815,2026-01-06 10:54:29.990386962,8.96406364440918,13.499839782714844,4469.45,2026-01-06 10:58:00,Up,4.920000000000073,17.0,3.9205976092816854,0.0877199120536461,4.044063644409107,3.5001602172851562,2026-01-06 10:41:00,4464.53
Down,4462.149574959278,2026-01-06 11:09:14.227695465,6.515960216522217,11.237128257751465,4442.54,2026-01-06 12:03:00,Down,26.909999999999854,65.0,19.60957495927778,0.441404578445614,20.394039783477638,53.762871742248535,2026-01-06 10:58:00,4469.45
Up,4452.884521262646,2026-01-06 12:14:13.100852966,9.150674819946289,11.218347549438477,4452.69,2026-01-06 12:19:00,Up,10.149999999999636,16.0,0.19452126264604885,0.00436862352074923,0.9993251800533471,4.781652450561523,2026-01-06 12:03:00,4442.54
Down,4444.360389434695,2026-01-06 12:30:37.345161437,6.472034454345703,11.622419357299805,4448.52,2026-01-06 12:30:00,Down,4.169999999999163,11.0,4.159610565305229,0.09350549318211965,2.30203445434654,0.6224193572998047,2026-01-06 12:19:00,4452.69
Up,4456.42207344532,2026-01-06 12:41:28.493614196,6.124451160430908,11.474893569946289,4456.08,2026-01-06 12:38:00,Up,7.559999999999491,8.0,0.34207344532023853,0.007676555297935372,1.4355488395685825,3.474893569946289,2026-01-06 12:30:00,4448.52
Down,4447.171407580376,2026-01-06 12:52:22.385158538,11.06381893157959,14.373085975646973,4449.42,2026-01-06 12:43:00,Down,6.6599999999998545,5.0,2.2485924196244014,0.05053675354595433,4.403818931579735,9.373085975646973,2026-01-06 12:38:00,4456.08
Up,4457.818016316891,2026-01-06 12:51:15.628280639,6.336258411407471,8.26047134399414,4453.3,2026-01-06 12:57:00,Up,3.880000000000109,14.0,4.51801631689068,0.10145322158603012,2.4562584114073616,5.739528656005859,2026-01-06 12:43:00,4449.42
Down,4445.17549314499,2026-01-06 13:05:58.767871856,6.054776191711426,8.979464530944824,4448.72,2026-01-06 13:18:00,Down,4.579999999999927,21.0,3.5445068550106953,0.07967475712138987,1.4747761917114985,12.020535469055176,2026-01-06 12:57:00,4453.3
Up,4459.777354450226,2026-01-06 13:34:20.580825805,7.122588157653809,16.343013763427734,4464.65,2026-01-06 14:01:00,Up,15.929999999999382,43.0,4.8726455497735515,0.10913835462519014,8.807411842345573,26.656986236572266,2026-01-06 13:18:00,4448.72
Down,4455.120195940137,2026-01-06 14:09:17.514038085,7.1533308029174805,8.291900634765625,4461.7,2026-01-06 14:04:00,Down,2.949999999999818,3.0,6.579804059862909,0.14747302731835193,4.203330802917662,5.291900634765625,2026-01-06 14:01:00,4464.65
Up,4469.67069504261,2026-01-06 14:12:48.613128662,7.6107635498046875,8.810218811035156,4464.82,2026-01-06 14:18:00,Up,3.119999999999891,14.0,4.850695042609914,0.10864256661208993,4.490763549804797,5.189781188964844,2026-01-06 14:04:00,4461.7
Down,4456.218605870008,2026-01-06 14:29:10.153484344,10.643045425415039,11.169224739074707,4461.5,2026-01-06 14:20:00,Down,3.319999999999709,2.0,5.281394129991895,0.11837709581960988,7.32304542541533,9.169224739074707,2026-01-06 14:18:00,4464.82
Up,4478.902205467224,2026-01-06 14:44:42.644577026,7.764931678771973,24.710742950439453,4466.36,2026-01-06 14:30:00,Up,4.859999999999673,10.0,12.542205467224449,0.28081492461925256,2.9049316787723,14.710742950439453,2026-01-06 14:20:00,4461.5
Down,4460.368547177314,2026-01-06 14:37:41.538677215,5.002165794372559,7.6923112869262695,4458.85,2026-01-06 14:41:00,Down,7.509999999999309,11.0,1.5185471773138488,0.034056924483080814,2.50783420562675,3.3076887130737305,2026-01-06 14:30:00,4466.36
Up,4467.898343127967,2026-01-06 14:56:57.485389709,6.68453311920166,15.958089828491211,4465.14,2026-01-06 15:00:00,Up,6.289999999999964,19.0,2.7583431279663273,0.061775064790047504,0.39453311920169654,3.041910171508789,2026-01-06 14:41:00,4458.85
Down,4456.218085409403,2026-01-06 15:11:53.082160949,9.488319396972656,11.884702682495117,4459.76,2026-01-06 15:02:00,Down,5.380000000000109,2.0,3.5419145905971163,0.07941939903934553,4.108319396972547,9.884702682495117,2026-01-06 15:00:00,4465.14
Up,4468.436975126267,2026-01-06 15:14:27.096862792,9.108478546142578,12.451614379882812,4470.45,2026-01-06 15:17:00,Up,10.6899999999996,15.0,2.0130248737332295,0.04502958032710867,1.5815214538570217,2.5483856201171875,2026-01-06 15:02:00,4459.76
Down,4461.628322544694,2026-01-06 15:32:57.118606567,12.463813781738281,15.951976776123047,4455.68,2026-01-06 15:31:00,Down,14.769999999999527,14.0,5.948322544693838,0.13349976983746223,2.306186218261246,1.9519767761230469,2026-01-06 15:17:00,4470.45
Up,4468.672666778565,2026-01-06 15:48:47.933921813,16.098201751708984,17.798898696899414,4463.81,2026-01-06 15:46:00,Up,8.13000000000011,15.0,4.862666778564744,0.10893534399010585,7.968201751708875,2.798898696899414,2026-01-06 15:31:00,4455.68
Down,4453.562020253539,2026-01-06 15:57:31.990013122,12.273833274841309,11.533166885375977,4454.46,2026-01-06 15:50:00,Down,9.350000000000364,4.0,0.8979797464608055,0.020159115728074908,2.923833274840945,7.533166885375977,2026-01-06 15:46:00,4463.81
Up,4465.476926958561,2026-01-06 16:04:41.369991302,10.101377487182617,14.689499855041504,4473.4,2026-01-06 16:16:00,Up,18.9399999999996,26.0,7.923073041438329,0.17711523765901394,8.838622512816983,11.310500144958496,2026-01-06 15:50:00,4454.46
Down,4462.060528945923,2026-01-06 16:24:24.612236022,11.386970520019531,8.41020393371582,4464.56,2026-01-06 16:20:00,Down,8.839999999999236,4.0,2.4994710540777305,0.05598471191064137,2.5469705200202952,4.41020393371582,2026-01-06 16:16:00,4473.4
Up,4474.311280345917,2026-01-06 16:37:59.592590332,14.487675666809082,17.993209838867188,4490.94,2026-01-06 17:00:00,Up,26.3799999999992,40.0,16.628719654082488,0.3702725855629888,11.892324333190118,22.006790161132812,2026-01-06 16:20:00,4464.56
Down,4479.412322756051,2026-01-06 17:10:18.119201660,11.88025188446045,10.301986694335938,4473.98,2026-01-06 17:20:00,Down,16.960000000000036,20.0,5.43232275605169,0.12142036298892016,5.079748115539587,9.698013305664062,2026-01-06 17:00:00,4490.94
Up,4486.753492455482,2026-01-06 17:39:32.636146545,15.029266357421875,19.543935775756836,4482.0,2026-01-06 17:30:00,Up,8.020000000000437,10.0,4.753492455482046,0.10605739525841246,7.009266357421438,9.543935775756836,2026-01-06 17:20:00,4473.98
Down,4470.59438252449,2026-01-06 17:39:41.400146484,8.434303283691406,9.69000244140625,4463.22,2026-01-06 17:37:00,Down,18.779999999999745,7.0,7.374382524490102,0.16522561120648546,10.345696716308339,2.69000244140625,2026-01-06 17:30:00,4482.0
Up,4475.548831415176,2026-01-06 17:52:54.232406616,12.750722885131836,15.903873443603516,4483.1,2026-01-06 18:01:00,Up,19.88000000000011,24.0,7.551168584824154,0.16843631828030053,7.129277114868273,8.096126556396484,2026-01-06 17:37:00,4463.22
Down,4469.673319095374,2026-01-06 18:14:53.015785217,14.530742645263672,13.883596420288086,4471.63,2026-01-06 18:06:00,Down,11.470000000000255,5.0,1.9566809046264098,0.04375766565271299,3.060742645263417,8.883596420288086,2026-01-06 18:01:00,4483.1
Up,4484.387187981606,2026-01-06 18:23:18.332862854,13.466348648071289,17.3055477142334,4488.93,2026-01-06 18:41:00,Up,17.300000000000182,35.0,4.542812018394216,0.10120033100080009,3.833651351928893,17.6944522857666,2026-01-06 18:06:00,4471.63
Down,4478.063006814123,2026-01-06 18:54:51.193199157,16.026126861572266,13.853219985961914,4484.42,2026-01-06 18:50:00,Down,4.510000000000218,9.0,6.3569931858774,0.14175731055247723,11.516126861572047,4.853219985961914,2026-01-06 18:41:00,4488.93
Up,4495.731808490753,2026-01-06 19:05:06.753959655,13.041531562805176,15.112565994262695,4490.29,2026-01-06 19:17:00,Up,5.869999999999891,27.0,5.441808490752919,0.12119057991249829,7.171531562805285,11.887434005737305,2026-01-06 18:50:00,4484.42
Down,4482.3375490826365,2026-01-06 19:24:15.381031036,8.872469902038574,7.256350517272949,4486.0,2026-01-06 19:28:00,Down,4.289999999999964,11.0,3.662450917363458,0.08164179485874849,4.582469902038611,3.743649482727051,2026-01-06 19:17:00,4490.29
Up,4495.901319742203,2026-01-06 19:44:11.584510803,9.466818809509277,16.19307518005371,4489.86,2026-01-06 19:37:00,Up,3.8599999999996726,9.0,6.041319742203086,0.134554746522232,5.606818809509605,7.193075180053711,2026-01-06 19:28:00,4486.0
Down,4482.060584421158,2026-01-06 19:51:32.880878448,7.4585161209106445,14.548014640808105,4481.66,2026-01-06 19:44:00,Down,8.199999999999818,7.0,0.4005844211578733,0.008938304582629501,0.7414838790891736,7.5480146408081055,2026-01-06 19:37:00,4489.86
Up,4489.761984727383,2026-01-06 20:07:39.952583312,8.278748512268066,23.665876388549805,4494.16,2026-01-06 20:19:00,Up,12.5,35.0,4.398015272617158,0.09786067413303395,4.221251487731934,11.334123611450195,2026-01-06 19:44:00,4481.66
Down,4486.458924574852,2026-01-06 20:33:17.293567657,9.147778511047363,14.288226127624512,4482.32,2026-01-06 20:34:00,Down,11.840000000000146,15.0,4.1389245748523535,0.09233889090587806,2.6922214889527822,0.7117738723754883,2026-01-06 20:19:00,4494.16
Up,4493.436288337707,2026-01-06 20:51:36.640319824,10.366812705993652,17.610671997070312,4490.42,2026-01-06 20:51:00,Up,8.100000000000364,17.0,3.01628833770701,0.06717163066499371,2.2668127059932885,0.6106719970703125,2026-01-06 20:34:00,4482.32
Down,4482.17022747159,2026-01-06 21:02:42.943782806,6.372061252593994,11.715729713439941,4477.44,2026-01-06 21:17:00,Down,12.980000000000473,26.0,4.730227471590297,0.10564580366437734,6.607938747406479,14.284270286560059,2026-01-06 20:51:00,4490.42
Up,4488.092631225585,2026-01-06 21:31:32.742118835,8.44270133972168,14.54570198059082,4484.7,2026-01-06 21:22:00,Up,7.260000000000218,5.0,3.392631225585319,0.07564901165262601,1.1827013397214614,9.54570198059082,2026-01-06 21:17:00,4477.44
Down,4476.0039052248,2026-01-06 21:42:06.181983947,10.716952323913574,20.1030330657959,4477.86,2026-01-06 21:32:00,Down,6.8400000000001455,10.0,1.8560947751993808,0.04145048695580882,3.8769523239134287,10.103033065795898,2026-01-06 21:22:00,4484.7
Up,4486.559913296699,2026-01-06 21:47:47.741317749,9.082992553710938,15.79568862915039,4483.78,2026-01-06 21:46:00,Up,5.920000000000073,14.0,2.7799132966993056,0.06199932415728038,3.1629925537108647,1.7956886291503906,2026-01-06 21:32:00,4477.86
Down,4474.934690583944,2026-01-06 22:00:10.582237243,8.02868366241455,14.176370620727539,4479.24,2026-01-06 21:54:00,Down,4.539999999999964,8.0,4.305309416055934,0.09611696216447287,3.488683662414587,6.176370620727539,2026-01-06 21:46:00,4483.78
Up,4487.047131772041,2026-01-06 22:11:14.421043395,7.921868324279785,17.2403507232666,4487.7,2026-01-06 22:21:00,Up,8.460000000000036,27.0,0.6528682279586064,0.014547947232627102,0.5381316757202512,9.759649276733398,2026-01-06 21:54:00,4479.24
Down,4480.467130851745,2026-01-06 22:38:01.834945678,8.483868598937988,17.030582427978516,4483.87,2026-01-06 22:31:00,Down,3.8299999999999272,10.0,3.4028691482544673,0.0758913427074038,4.653868598938061,7.030582427978516,2026-01-06 22:21:00,4487.7
Up,4491.464445343017,2026-01-06 22:48:01.231613159,8.486075401306152,17.020526885986328,4496.94,2026-01-06 22:58:00,Up,13.069999999999709,27.0,5.47555465698224,0.12176179039485162,4.583924598693557,9.979473114013672,2026-01-06 22:31:00,4483.87
Down,4488.236521500348,2026-01-06 23:16:51.627960205,8.684615135192871,18.86046600341797,4491.99,2026-01-06 23:14:00,Down,4.949999999999818,16.0,3.7534784996514645,0.0835593690024124,3.734615135193053,2.8604660034179688,2026-01-06 22:58:00,4496.94
Up,4499.290828893185,2026-01-06 23:27:51.878299713,6.965788841247559,13.864638328552246,4497.45,2026-01-06 23:50:00,Up,5.460000000000036,36.0,1.840828893185062,0.040930502688969576,1.5057888412475222,22.135361671447754,2026-01-06 23:14:00,4491.99
Down,4490.368423613906,2026-01-07 00:02:47.471523284,7.351564407348633,12.791192054748535,4493.89,2026-01-06 23:58:00,Down,3.5599999999994907,8.0,3.521576386094239,0.07836365345155841,3.791564407349142,4.791192054748535,2026-01-06 23:50:00,4497.45
Up,4511.479079185725,2026-01-07 10:27:32.526855468,10.567765235900879,629.5421142578125,4499.34,2026-01-07 01:05:00,Up,5.449999999999818,67.0,12.139079185724768,0.2697968854481939,5.117765235901061,562.5421142578125,2026-01-06 23:58:00,4493.89
Down,4492.295138536691,2026-01-07 01:27:22.235298156,10.307530403137207,22.370588302612305,4494.78,2026-01-07 01:12:00,Down,4.5600000000004,7.0,2.4848614633083344,0.055283272224854935,5.747530403136807,15.370588302612305,2026-01-07 01:05:00,4499.34
Up,4505.3008164811135,2026-01-07 02:01:21.553573608,15.554563522338867,49.35922622680664,4500.59,2026-01-07 01:27:00,Up,5.8100000000004,15.0,4.7108164811133975,0.10467108714887154,9.744563522338467,34.35922622680664,2026-01-07 01:12:00,4494.78
Down,4491.638295003176,2026-01-07 01:44:24.780921936,9.469027519226074,17.413015365600586,4492.12,2026-01-07 01:51:00,Down,8.470000000000255,24.0,0.48170499682419177,0.010723333232954413,0.9990275192258196,6.586984634399414,2026-01-07 01:27:00,4500.59
Up,4504.673783555031,2026-01-07 02:10:29.239196777,9.042248725891113,19.487319946289062,4496.36,2026-01-07 01:54:00,Up,4.239999999999782,3.0,8.313783555031478,0.1849003094732512,4.802248725891332,16.487319946289062,2026-01-07 01:51:00,4492.12
Down,4483.792759218216,2026-01-07 02:09:54.812965393,7.22075080871582,15.913549423217773,4490.35,2026-01-07 02:01:00,Down,6.009999999999309,7.0,6.557240781784458,0.14602961421235444,1.2107508087165115,8.913549423217773,2026-01-07 01:54:00,4496.36
Up,4501.122204804421,2026-01-07 02:19:01.923408508,8.819350242614746,18.03205680847168,4494.27,2026-01-07 02:12:00,Up,3.9200000000000728,11.0,6.85220480442058,0.15246535709738354,4.899350242614673,7.03205680847168,2026-01-07 02:01:00,4490.35
Down,4484.850557822586,2026-01-07 02:26:06.276283264,10.23587417602539,14.104604721069336,4489.68,2026-01-07 02:18:00,Down,4.5900000000001455,6.0,4.829442177414421,0.10756762569747558,5.645874176025245,8.104604721069336,2026-01-07 02:12:00,4494.27
Up,4498.385751285553,2026-01-07 02:33:26.619758605,9.376180648803711,15.443662643432617,4494.87,2026-01-07 02:36:00,Up,5.1899999999996,18.0,3.5157512855530513,0.07821697369563639,4.186180648804111,2.556337356567383,2026-01-07 02:18:00,4489.68
Down,4487.6148582887645,2026-01-07 02:49:17.039051055,7.847996711730957,13.283984184265137,4482.63,2026-01-07 02:53:00,Down,12.239999999999782,17.0,4.9848582887643715,0.11120387559902048,4.392003288268825,3.7160158157348633,2026-01-07 02:36:00,4494.87
Up,4494.550751338005,2026-01-07 03:10:07.232666015,9.140423774719238,17.12054443359375,4495.64,2026-01-07 03:00:00,Up,13.010000000000218,7.0,1.0892486619950432,0.024229001032000853,3.86957622528098,10.12054443359375,2026-01-07 02:53:00,4482.63
Down,4483.790495502949,2026-01-07 03:18:56.341552734,12.05876636505127,18.93902587890625,4469.1,2026-01-07 03:14:00,Down,26.539999999999964,14.0,14.690495502948579,0.3287126155814052,14.481233634948694,4.93902587890625,2026-01-07 03:00:00,4495.64
Up,4483.596351599694,2026-01-07 03:28:42.252216339,16.475006103515625,14.704203605651855,4478.81,2026-01-07 03:26:00,Up,9.710000000000036,12.0,4.786351599693262,0.1068665917887399,6.765006103515589,2.7042036056518555,2026-01-07 03:14:00,4469.1
Down,4459.683001880646,2026-01-07 03:39:40.654277801,12.739399909973145,13.677571296691895,4459.71,2026-01-07 04:01:00,Down,19.100000000000364,35.0,0.026998119354175287,0.000605378362139585,6.360600090027219,21.322428703308105,2026-01-07 03:26:00,4478.81
Up,4470.716519333124,2026-01-07 04:10:27.654933929,10.03411865234375,9.460915565490723,4475.7,2026-01-07 04:12:00,Up,15.989999999999782,11.0,4.983480666875948,0.11134527932783583,5.955881347656032,1.5390844345092773,2026-01-07 04:01:00,4459.71
Down,4461.348172581195,2026-01-07 04:23:28.744239807,11.330324172973633,11.479070663452148,4468.49,2026-01-07 04:25:00,Down,7.210000000000036,13.0,7.141827418804496,0.15982641605563616,4.120324172973596,1.5209293365478516,2026-01-07 04:12:00,4475.7
Up,4479.16981195569,2026-01-07 04:33:30.954380035,12.572320938110352,8.51590633392334,4478.54,2026-01-07 04:42:00,Up,10.050000000000182,17.0,0.6298119556904567,0.01406288557633641,2.5223209381101697,8.48409366607666,2026-01-07 04:25:00,4468.49
Down,4468.2656776058675,2026-01-07 04:53:57.201519012,8.149160385131836,11.95335865020752,4473.9,2026-01-07 04:45:00,Down,4.640000000000327,3.0,5.634322394132141,0.12593760240801408,3.5091603851315085,8.95335865020752,2026-01-07 04:42:00,4478.54
Up,4483.115950012207,2026-01-07 05:02:54.494476318,12.348722457885742,17.908241271972656,4478.81,2026-01-07 04:55:00,Up,4.910000000000764,10.0,4.305950012206267,0.09614049294804348,7.438722457884978,7.908241271972656,2026-01-07 04:45:00,4473.9
Down,4470.393351988793,2026-01-07 05:09:31.479606628,8.28873348236084,14.524660110473633,4473.33,2026-01-07 05:03:00,Down,5.480000000000473,8.0,2.936648011206671,0.06564791802095242,2.808733482360367,6.524660110473633,2026-01-07 04:55:00,4478.81
Up,4482.543709323406,2026-01-07 05:17:37.703933715,8.797638893127441,14.628398895263672,4477.1,2026-01-07 05:10:00,Up,3.7700000000004366,7.0,5.443709323405528,0.12159007668815812,5.027638893127005,7.628398895263672,2026-01-07 05:03:00,4473.33
Down,4468.840808188916,2026-01-07 05:24:56.813335418,7.914977073669434,14.94688892364502,4472.01,2026-01-07 05:14:00,Down,5.0900000000001455,4.0,3.169191811084602,0.07086727916718885,2.824977073669288,10.94688892364502,2026-01-07 05:10:00,4477.1
Up,4480.046026804447,2026-01-07 05:26:54.779663085,8.680963516235352,12.912994384765625,4480.33,2026-01-07 05:20:00,Up,8.319999999999709,6.0,0.28397319555278955,0.006338220522880893,0.3609635162356426,6.912994384765625,2026-01-07 05:14:00,4472.01
Down,4470.9792975384,2026-01-07 05:36:56.008644104,10.85202693939209,16.9334774017334,4475.79,2026-01-07 05:33:00,Down,4.539999999999964,13.0,4.810702461600158,0.10748275637597292,6.312026939392126,3.9334774017333984,2026-01-07 05:20:00,4480.33
Up,4483.9283257949355,2026-01-07 05:51:16.651954650,7.476550102233887,18.27753257751465,4478.88,2026-01-07 05:41:00,Up,3.0900000000001455,8.0,5.048325794935408,0.1127140221424867,4.386550102233741,10.277532577514648,2026-01-07 05:33:00,4475.79
Down,4471.714204616546,2026-01-07 05:53:35.482807159,6.8561859130859375,12.59138011932373,4462.1,2026-01-07 07:05:00,Down,16.779999999999745,84.0,9.614204616545976,0.21546367442562864,9.923814086913808,71.40861988067627,2026-01-07 05:41:00,4478.88
Up,4470.617695343495,2026-01-07 07:16:04.464454650,6.087080955505371,11.074407577514648,4470.37,2026-01-07 07:28:00,Up,8.269999999999527,23.0,0.24769534349525202,0.0055408242157864345,2.182919044494156,11.925592422485352,2026-01-07 07:05:00,4462.1
Down,4463.950837031007,2026-01-07 07:42:26.886119842,4.611484050750732,14.448101997375488,4443.4,2026-01-07 07:48:00,Down,26.970000000000255,20.0,20.550837031007177,0.4625025212901647,22.358515949249522,5.551898002624512,2026-01-07 07:28:00,4470.37
Up,4453.934035658836,2026-01-07 08:01:37.606258392,7.3525285720825195,13.626770973205566,4460.38,2026-01-07 08:21:00,Up,16.980000000000473,33.0,6.445964341163744,0.14451603543114586,9.627471427917953,19.373229026794434,2026-01-07 07:48:00,4443.4
Down,4447.983509507179,2026-01-07 08:37:07.435913085,9.529218673706055,16.123931884765625,4441.6,2026-01-07 08:46:00,Down,18.779999999999745,25.0,6.383509507179042,0.143720945316531,9.25078132629369,8.876068115234375,2026-01-07 08:21:00,4460.38
Up,4452.70266571045,2026-01-07 08:57:40.197658538,8.846009254455566,11.669960975646973,4464.96,2026-01-07 09:50:00,Up,23.359999999999673,64.0,12.257334289550272,0.27452282415856516,14.513990745544106,52.33003902435303,2026-01-07 08:46:00,4441.6
Down,4454.536926326752,2026-01-07 09:59:53.265953063,9.10142707824707,9.887765884399414,4459.43,2026-01-07 10:07:00,Down,5.529999999999745,17.0,4.893073673248182,0.10972419509327831,3.571427078247325,7.112234115600586,2026-01-07 09:50:00,4464.96
Up,4471.697328104973,2026-01-07 10:20:21.289272308,9.26038646697998,13.35482120513916,4468.62,2026-01-07 10:21:00,Up,9.1899999999996,14.0,3.077328104973276,0.06886528961901607,0.07038646698038065,0.6451787948608398,2026-01-07 10:07:00,4459.43
Down,4461.035935642719,2026-01-07 10:32:22.656383514,6.900268077850342,11.377606391906738,4463.76,2026-01-07 10:25:00,Down,4.859999999999673,4.0,2.7240643572813497,0.0610262280517176,2.040268077850669,7.377606391906738,2026-01-07 10:21:00,4468.62
Up,4474.436488952637,2026-01-07 10:36:21.901416778,10.005910873413086,11.365023612976074,4474.69,2026-01-07 10:42:00,Up,10.929999999999382,17.0,0.25351104736273555,0.005665443804212931,0.9240891265862956,5.634976387023926,2026-01-07 10:25:00,4463.76
Down,4467.728542050719,2026-01-07 10:52:09.841690063,6.734575271606445,10.16402816772461,4459.44,2026-01-07 11:08:00,Down,15.25,26.0,8.288542050719116,0.18586508733650675,8.515424728393555,15.83597183227539,2026-01-07 10:42:00,4474.69
Up,4470.718567199707,2026-01-07 11:29:10.992851257,10.260160446166992,21.18321418762207,4467.27,2026-01-07 11:19:00,Up,7.830000000000837,11.0,3.4485671997063037,0.0771963010900685,2.4301604461661555,10.18321418762207,2026-01-07 11:08:00,4459.44
Down,4457.645935621262,2026-01-07 11:32:00.324954986,7.532602310180664,13.005415916442871,4460.14,2026-01-07 11:46:00,Down,7.130000000000109,27.0,2.494064378738585,0.05591897067667349,0.4026023101805549,13.994584083557129,2026-01-07 11:19:00,4467.27
Up,4467.773475062848,2026-01-07 11:54:47.366867065,6.705081939697266,8.789447784423828,4465.65,2026-01-07 11:55:00,Up,5.509999999999309,9.0,2.123475062848229,0.04755130972754759,1.1950819396979568,0.21055221557617188,2026-01-07 11:46:00,4460.14
Down,4458.335552716255,2026-01-07 12:06:10.674018859,7.300832748413086,11.177900314331055,4461.45,2026-01-07 12:01:00,Down,4.199999999999818,6.0,3.114447283744994,0.06980796117282484,3.100832748413268,5.177900314331055,2026-01-07 11:55:00,4465.65
Up,4471.517318326235,2026-01-07 12:11:11.203422546,5.2427873611450195,10.186723709106445,4466.65,2026-01-07 12:15:00,Up,5.199999999999818,14.0,4.867318326235363,0.1089702198792241,0.04278736114520143,3.8132762908935547,2026-01-07 12:01:00,4461.45
Down,4459.6704334020615,2026-01-07 12:27:13.148574829,6.541943550109863,12.21914291381836,4458.92,2026-01-07 12:29:00,Down,7.729999999999563,14.0,0.7504334020613896,0.016829936443385162,1.1880564498897002,1.7808570861816406,2026-01-07 12:15:00,4466.65
Up,4467.523582277298,2026-01-07 12:41:51.446056365,6.929957866668701,12.857434272766113,4467.77,2026-01-07 12:46:00,Up,8.850000000000364,17.0,0.24641772270206275,0.005515452288324214,1.9200421333316626,4.142565727233887,2026-01-07 12:29:00,4458.92
Down,4461.0528527402885,2026-01-07 12:58:05.967636108,6.871845245361328,12.09946060180664,4460.48,2026-01-07 13:16:00,Down,7.290000000000873,30.0,0.5728527402889085,0.0128428496549454,0.418154754639545,17.90053939819336,2026-01-07 12:46:00,4467.77
Up,4467.615293617248,2026-01-07 13:28:32.329330444,6.302799701690674,12.538822174072266,4464.28,2026-01-07 13:19:00,Up,3.800000000000182,3.0,3.3352936172486807,0.07471067265603146,2.502799701690492,9.538822174072266,2026-01-07 13:16:00,4460.48
Down,4456.161006278991,2026-01-07 13:30:12.706489562,7.24821662902832,11.211774826049805,4449.27,2026-01-07 13:47:00,Down,15.009999999999309,28.0,6.891006278990972,0.1548794808809304,7.7617833709709885,16.788225173950195,2026-01-07 13:19:00,4464.28
Up,4459.742105369568,2026-01-07 14:03:30.944595336,8.141304969787598,16.515743255615234,4454.72,2026-01-07 13:54:00,Up,5.449999999999818,7.0,5.022105369567726,0.11273672351051751,2.6913049697877796,9.515743255615234,2026-01-07 13:47:00,4449.27
Down,4440.927194023133,2026-01-07 14:11:54.662704467,8.083144187927246,17.91104507446289,4439.37,2026-01-07 14:20:00,Down,15.350000000000364,26.0,1.557194023132979,0.035076914587722566,7.266855812073118,8.08895492553711,2026-01-07 13:54:00,4454.72
Up,4449.717724152803,2026-01-07 14:36:24.794769287,13.237051010131836,16.413246154785156,4455.1,2026-01-07 14:37:00,Up,15.730000000000473,17.0,5.382275847196979,0.12081156084480661,2.492948989868637,0.5867538452148438,2026-01-07 14:20:00,4439.37
Down,4441.795947343111,2026-01-07 14:53:39.672203063,12.422593116760254,16.661203384399414,4427.38,2026-01-07 15:10:00,Down,27.720000000000255,33.0,14.415947343110929,0.3256089909407128,15.29740688324,16.338796615600586,2026-01-07 14:37:00,4455.1
Up,4439.075183923244,2026-01-07 15:18:17.601642608,13.307908058166504,8.293360710144043,4447.14,2026-01-07 15:28:00,Up,19.76000000000022,18.0,8.06481607675596,0.18134837393821557,6.452091941833714,9.706639289855957,2026-01-07 15:10:00,4427.38
Down,4435.61660319686,2026-01-07 15:42:29.563694000,10.787490844726562,14.492728233337402,4438.2,2026-01-07 15:38:00,Down,8.94000000000051,10.0,2.5833968031402037,0.058208210606556794,1.8474908447260532,4.492728233337402,2026-01-07 15:28:00,4447.14
Up,4451.940598225593,2026-01-07 15:48:40.635051727,11.316520690917969,10.677250862121582,4454.3,2026-01-07 16:04:00,Up,16.100000000000364,26.0,2.3594017744071607,0.05296908098707227,4.783479309082395,15.322749137878418,2026-01-07 15:38:00,4438.2
Down,4444.275630933046,2026-01-07 16:18:50.097370147,12.014999389648438,14.834956169128418,4440.99,2026-01-07 16:30:00,Down,13.3100000000004,26.0,3.2856309330463773,0.07398420021315917,1.2950006103519627,11.165043830871582,2026-01-07 16:04:00,4454.3
Up,4453.79583227992,2026-01-07 16:41:27.730064392,11.524755477905273,11.462167739868164,4452.3,2026-01-07 16:35:00,Up,11.3100000000004,5.0,1.4958322799202506,0.033596843876653654,0.21475547790487326,6.462167739868164,2026-01-07 16:30:00,4440.99
Down,4441.179610347748,2026-01-07 16:54:27.284774780,11.650890350341797,19.45474624633789,4435.67,2026-01-07 16:38:00,Down,16.63000000000011,3.0,5.509610347748094,0.12421145729389457,4.979109649658312,16.45474624633789,2026-01-07 16:35:00,4452.3
Up,4449.215050945282,2026-01-07 16:47:57.209758758,14.478063583374023,9.953495979309082,4453.03,2026-01-07 16:56:00,Up,17.359999999999673,18.0,3.8149490547175446,0.08567085904917651,2.881936416625649,8.046504020690918,2026-01-07 16:38:00,4435.67
Down,4438.5138452500105,2026-01-07 17:09:44.816093444,16.425983428955078,13.74693489074707,4423.5,2026-01-07 17:18:00,Down,29.529999999999745,22.0,15.01384525001049,0.3394109924270485,13.104016571044667,8.25306510925293,2026-01-07 16:56:00,4453.03
Up,4438.406873881817,2026-01-07 17:30:55.144557952,15.403362274169922,12.919075965881348,4452.09,2026-01-07 17:37:00,Up,28.590000000000146,19.0,13.683126118183282,0.30734163321458646,13.186637725830224,6.080924034118652,2026-01-07 17:18:00,4423.5
Down,4439.432608641386,2026-01-07 17:49:49.447517395,12.920267105102539,12.824125289916992,4440.67,2026-01-07 17:47:00,Down,11.420000000000073,10.0,1.2373913586143317,0.02786496989450537,1.5002671051024663,2.824125289916992,2026-01-07 17:37:00,4452.09
Up,4454.194851540327,2026-01-07 17:57:09.858627319,11.980267524719238,10.164310455322266,4468.37,2026-01-07 18:49:00,Up,27.699999999999818,62.0,14.175148459672528,0.3172330952824526,15.71973247528058,51.835689544677734,2026-01-07 17:47:00,4440.67
Down,4458.451662011146,2026-01-07 18:58:11.139106750,10.468603134155273,9.185651779174805,4447.21,2026-01-07 20:18:00,Down,21.159999999999854,89.0,11.241662011146218,0.2527801028318028,10.691396865844581,79.8143482208252,2026-01-07 18:49:00,4468.37
Up,4463.5741012990475,2026-01-07 20:31:10.913829803,9.74496841430664,13.181897163391113,4458.83,2026-01-07 20:39:00,Up,11.61999999999989,21.0,4.744101299047543,0.10639789583921215,1.8750315856932502,7.818102836608887,2026-01-07 20:18:00,4447.21
Down,4446.733350217342,2026-01-07 20:51:30.559730529,11.621245384216309,12.509328842163086,4449.98,2026-01-07 20:51:00,Down,8.850000000000364,12.0,3.2466497826571867,0.0729587499866783,2.771245384215945,0.5093288421630859,2026-01-07 20:39:00,4458.83
Up,4461.631439752578,2026-01-07 21:10:42.859611511,10.240501403808594,19.714326858520508,4455.38,2026-01-07 21:07:00,Up,5.400000000000546,16.0,6.251439752578335,0.1403121563722586,4.840501403808048,3.714326858520508,2026-01-07 20:51:00,4449.98
Down,4447.169108859301,2026-01-07 21:18:03.973903656,8.854832649230957,11.066231727600098,4445.44,2026-01-07 21:17:00,Down,9.94000000000051,10.0,1.72910885930105,0.03889623657728032,1.0851673507695523,1.0662317276000977,2026-01-07 21:07:00,4455.38
Up,4458.301589050293,2026-01-07 21:33:35.593986511,10.996627807617188,16.593233108520508,4457.31,2026-01-07 21:32:00,Up,11.8700000000008,15.0,0.9915890502925322,0.022246355992572475,0.8733721923836129,1.5932331085205078,2026-01-07 21:17:00,4445.44
Down,4449.119462905526,2026-01-07 21:48:29.850196838,8.546128273010254,16.49750328063965,4452.12,2026-01-07 21:48:00,Down,5.190000000000509,16.0,3.000537094473657,0.06739569226511542,3.3561282730097446,0.49750328063964844,2026-01-07 21:32:00,4457.31
Up,4460.9025872612,2026-01-07 22:01:24.714088439,10.62668228149414,13.411901473999023,4459.49,2026-01-07 22:05:00,Up,7.369999999999891,17.0,1.412587261200315,0.03167598225806796,3.2566822814942498,3.5880985260009766,2026-01-07 21:48:00,4452.12
Down,4452.315621688962,2026-01-07 22:18:08.024368286,6.3832783699035645,13.133739471435547,4455.44,2026-01-07 22:10:00,Down,4.050000000000182,5.0,3.124378311037617,0.07012502269220587,2.3332783699033826,8.133739471435547,2026-01-07 22:05:00,4459.49
Up,4465.1219657993315,2026-01-07 22:21:07.731342315,5.673135757446289,11.12885570526123,4461.67,2026-01-07 22:18:00,Up,6.230000000000473,8.0,3.4519657993314468,0.07736936616404724,0.5568642425541839,3.1288557052612305,2026-01-07 22:10:00,4455.44
Down,4454.69715138197,2026-01-07 22:28:08.794555664,8.13857650756836,10.146575927734375,4455.94,2026-01-07 22:28:00,Down,5.730000000000473,10.0,1.2428486180297114,0.027891951373441106,2.4085765075678864,0.146575927734375,2026-01-07 22:18:00,4461.67
Up,4462.971885828972,2026-01-07 22:44:30.093498229,7.115948677062988,16.501558303833008,4460.37,2026-01-07 22:33:00,Up,4.430000000000291,5.0,2.6018858289717173,0.05833340796776315,2.6859486770626972,11.501558303833008,2026-01-07 22:28:00,4455.94
Down,4453.612401798963,2026-01-07 22:47:34.927139282,6.696014404296875,14.58211898803711,4449.85,2026-01-07 23:00:00,Down,10.519999999999527,27.0,3.7624017989628555,0.0845512050734936,3.823985595702652,12.41788101196289,2026-01-07 22:33:00,4460.37
Up,4459.826956701279,2026-01-07 23:14:39.708595275,8.909357070922852,14.661809921264648,4455.15,2026-01-07 23:20:00,Up,5.299999999999272,20.0,4.676956701279778,0.10497865843528902,3.609357070923579,5.338190078735352,2026-01-07 23:00:00,4449.85
Down,4446.848449891805,2026-01-07 23:35:59.510078430,7.836740493774414,15.99183464050293,4451.9,2026-01-07 23:29:00,Down,3.25,9.0,5.051550108194533,0.1134695322939539,4.586740493774414,6.99183464050293,2026-01-07 23:20:00,4455.15
Up,4459.28373812437,2026-01-07 23:37:58.965225219,6.263552665710449,8.98275375366211,4454.31,2026-01-07 23:42:00,Up,2.410000000000764,13.0,4.973738124369447,0.11166124774363362,3.8535526657096852,4.017246246337891,2026-01-07 23:29:00,4451.9
Down,4446.799339376093,2026-01-07 23:55:22.529239654,5.979288101196289,13.375487327575684,4452.72,2026-01-07 23:50:00,Down,1.5900000000001455,8.0,5.920660623907679,0.1329672789644909,4.3892881011961435,5.375487327575684,2026-01-07 23:42:00,4454.31
Up,4463.881779899598,2026-01-08 00:37:12.746887207,7.288886070251465,47.21244812011719,4463.96,2026-01-08 01:27:00,Up,11.239999999999782,97.0,0.0782201004021772,0.0017522580937592899,3.951113929748317,49.78755187988281,2026-01-07 23:50:00,4452.72
Down,4457.385076272488,2026-01-08 01:41:03.956737518,5.495547294616699,14.065945625305176,4459.8,2026-01-08 01:31:00,Down,4.1599999999998545,4.0,2.4149237275123596,0.054148700110147524,1.3355472946168447,10.065945625305176,2026-01-08 01:27:00,4463.96
Up,4468.843891167641,2026-01-08 08:22:48.149414062,8.559837341308594,411.802490234375,4463.03,2026-01-08 01:46:00,Up,3.2299999999995634,15.0,5.813891167641486,0.1302678038830455,5.32983734130903,396.802490234375,2026-01-08 01:31:00,4459.8
Down,4455.273733065724,2026-01-08 01:54:11.123371124,5.728991985321045,8.185389518737793,4459.99,2026-01-08 01:47:00,Down,3.0399999999999636,1.0,4.716266934276064,0.10574613248630746,2.6889919853210813,7.185389518737793,2026-01-08 01:46:00,4463.03
Up,4472.475790867806,2026-01-08 02:00:53.693103790,10.623197555541992,13.894885063171387,4466.46,2026-01-08 02:16:00,Up,6.470000000000255,29.0,6.015790867805663,0.13468811693837318,4.1531975555417375,15.105114936828613,2026-01-08 01:47:00,4459.99
Down,4456.7279972791675,2026-01-08 02:25:30.263729095,6.358198642730713,9.504395484924316,4446.79,2026-01-08 02:50:00,Down,19.670000000000073,34.0,9.937997279167575,0.22348699352044005,13.31180135726936,24.495604515075684,2026-01-08 02:16:00,4466.46
Up,4460.3774892807005,2026-01-08 03:06:33.323822021,12.965642929077148,16.555397033691406,4452.47,2026-01-08 02:58:00,Up,5.680000000000291,8.0,7.907489280700247,0.1775978115675175,7.285642929076857,8.555397033691406,2026-01-08 02:50:00,4446.79
Down,4438.083853111268,2026-01-08 03:08:17.776165008,10.9644136428833,10.296269416809082,4444.59,2026-01-08 03:00:00,Down,7.880000000000109,2.0,6.506146888732474,0.14638351093649749,3.0844136428831916,8.296269416809082,2026-01-08 02:58:00,4452.47
Up,4453.6968283224105,2026-01-08 03:16:14.332809448,8.648832321166992,16.238880157470703,4460.44,2026-01-08 03:11:00,Up,15.849999999999454,11.0,6.743171677589089,0.15117727573040082,7.201167678832462,5.238880157470703,2026-01-08 03:00:00,4444.59
Down,4446.385953173637,2026-01-08 03:19:54.532070159,14.463740348815918,8.908867835998535,4454.91,2026-01-08 03:18:00,Down,5.529999999999745,7.0,8.524046826362792,0.1913404945635892,8.933740348816173,1.9088678359985352,2026-01-08 03:11:00,4460.44
Up,4470.815977417231,2026-01-08 03:36:35.327453613,15.298593521118164,18.588790893554688,4460.39,2026-01-08 03:23:00,Up,5.480000000000473,5.0,10.42597741723057,0.2337458701420855,9.818593521117691,13.588790893554688,2026-01-08 03:18:00,4454.91
Down,4449.551155229211,2026-01-08 03:30:47.417392730,10.48723030090332,7.790289878845215,4442.02,2026-01-08 03:55:00,Down,18.36999999999989,32.0,7.531155229210526,0.16954347862482666,7.8827696990965705,24.209710121154785,2026-01-08 03:23:00,4460.39
Up,4455.327090115547,2026-01-08 04:11:34.766120910,12.89392375946045,16.579435348510742,4449.67,2026-01-08 04:01:00,Up,7.649999999999636,6.0,5.657090115547362,0.12713504856646363,5.243923759460813,10.579435348510742,2026-01-08 03:55:00,4442.02
Down,4436.1050067484375,2026-01-08 04:10:39.961395263,9.923282623291016,9.666023254394531,4433.65,2026-01-08 04:37:00,Down,16.020000000000437,36.0,2.4550067484378815,0.05537213691739045,6.096717376709421,26.33397674560547,2026-01-08 04:01:00,4449.67
Up,4445.085852652788,2026-01-08 04:52:45.059852600,8.983983993530273,15.750997543334961,4445.73,2026-01-08 05:12:00,Up,12.079999999999927,35.0,0.6441473472114012,0.014489124333043196,3.096016006469654,19.24900245666504,2026-01-08 04:37:00,4433.65
Down,4434.586272135973,2026-01-08 05:26:45.011615753,9.958388328552246,14.75019359588623,4437.39,2026-01-08 05:17:00,Down,8.339999999999236,5.0,2.803727864027678,0.06318416600811914,1.61838832855301,9.75019359588623,2026-01-08 05:12:00,4445.73
Up,4447.250151958466,2026-01-08 05:29:49.318599700,9.367318153381348,12.821976661682129,4446.45,2026-01-08 05:31:00,Up,9.05999999999949,14.0,0.8001519584659036,0.017995298686950344,0.307318153381857,1.178023338317871,2026-01-08 05:17:00,4437.39
Down,4437.182463383674,2026-01-08 05:46:38.532943725,8.634481430053711,15.642215728759766,4440.1,2026-01-08 05:39:00,Down,6.349999999999454,8.0,2.917536616326288,0.06570880422346992,2.2844814300542566,7.642215728759766,2026-01-08 05:31:00,4446.45
Up,4448.58575630188,2026-01-08 05:59:25.443077087,8.759248733520508,20.42405128479004,4442.88,2026-01-08 05:48:00,Up,2.7799999999997453,9.0,5.705756301879774,0.12842472229454258,5.9792487335207625,11.424051284790039,2026-01-08 05:39:00,4440.1
Down,4434.793040313721,2026-01-08 06:00:49.496154785,8.003157615661621,12.824935913085938,4436.69,2026-01-08 06:07:00,Down,6.190000000000509,19.0,1.896959686278933,0.04275619180693114,1.8131576156611118,6.1750640869140625,2026-01-08 05:48:00,4442.88
Up,4443.871331732273,2026-01-08 06:18:49.646587371,7.41294002532959,11.82744312286377,4440.54,2026-01-08 06:19:00,Up,3.850000000000364,12.0,3.3313317322727016,0.07502086981026411,3.562940025329226,0.17255687713623047,2026-01-08 06:07:00,4436.69
Down,4433.119520974159,2026-01-08 06:32:49.576206207,6.753281593322754,13.82627010345459,4423.14,2026-01-08 07:16:00,Down,17.399999999999636,57.0,9.979520974158731,0.22562073491136908,10.646718406676882,43.17372989654541,2026-01-08 06:19:00,4440.54
Up,4431.782636268139,2026-01-08 07:26:20.339698791,8.003734588623047,10.338994979858398,4429.7,2026-01-08 07:23:00,Up,6.559999999999491,7.0,2.08263626813914,0.0470152892552349,1.4437345886235562,3.3389949798583984,2026-01-08 07:16:00,4423.14
Down,4415.93159134984,2026-01-08 07:41:21.430091857,8.481772422790527,18.357168197631836,4415.75,2026-01-08 07:44:00,Down,13.949999999999818,21.0,0.18159134984034608,0.004112355768337113,5.468227577209291,2.642831802368164,2026-01-08 07:23:00,4429.7
Up,4426.131629645824,2026-01-08 07:57:48.793544769,13.662118911743164,13.813225746154785,4429.28,2026-01-08 08:00:00,Up,13.529999999999745,16.0,3.148370354175313,0.07108086086622009,0.13211891174341872,2.186774253845215,2026-01-08 07:44:00,4415.75
Down,4414.698439331054,2026-01-08 08:07:56.118564605,8.845255851745605,7.935309410095215,4416.04,2026-01-08 08:06:00,Down,13.239999999999782,6.0,1.341560668945931,0.030379268959201705,4.394744148254176,1.9353094100952148,2026-01-08 08:00:00,4429.28
Up,4429.563537106514,2026-01-08 08:21:12.604408264,13.396251678466797,15.210073471069336,4437.84,2026-01-08 08:39:00,Up,21.800000000000182,33.0,8.276462893486496,0.18649755046343483,8.403748321533385,17.789926528930664,2026-01-08 08:06:00,4416.04
Down,4427.827016000748,2026-01-08 08:50:49.210739135,11.130520820617676,11.820178985595703,4430.14,2026-01-08 08:47:00,Down,7.699999999999818,8.0,2.3129839992525376,0.05221017844249928,3.4305208206178577,3.820178985595703,2026-01-08 08:39:00,4437.84
Up,4439.412622838021,2026-01-08 09:03:09.840087890,12.20546817779541,16.16400146484375,4436.09,2026-01-08 09:01:00,Up,5.949999999999818,14.0,3.322622838020834,0.07489980676723948,6.255468177795592,2.16400146484375,2026-01-08 08:47:00,4430.14
Down,4426.573827644586,2026-01-08 09:09:44.352893829,8.981544494628906,8.739214897155762,4432.16,2026-01-08 09:02:00,Down,3.930000000000291,1.0,5.58617235541351,0.12603724494182317,5.051544494628615,7.739214897155762,2026-01-08 09:01:00,4436.09
Up,4441.274645977021,2026-01-08 09:17:33.026161193,9.364240646362305,15.550436019897461,4439.69,2026-01-08 09:11:00,Up,7.529999999999745,9.0,1.5846459770209549,0.035692716766732704,1.8342406463625593,6.550436019897461,2026-01-08 09:02:00,4432.16
Down,4431.626312098503,2026-01-08 09:21:09.101371765,9.054462432861328,10.151689529418945,4430.76,2026-01-08 09:26:00,Down,8.929999999999382,15.0,0.8663120985029309,0.019552223512510965,0.12446243286194658,4.848310470581055,2026-01-08 09:11:00,4439.69
Up,4441.851942787171,2026-01-08 09:43:55.713043212,7.525398254394531,17.928550720214844,4437.01,2026-01-08 09:29:00,Up,6.25,3.0,4.84194278717041,0.10912625365213083,1.2753982543945312,14.928550720214844,2026-01-08 09:26:00,4430.76
Down,4429.07256978929,2026-01-08 09:42:34.845542907,7.304568290710449,13.580759048461914,4428.42,2026-01-08 09:49:00,Down,8.590000000000146,20.0,0.6525697892902826,0.01473595072938616,1.2854317092896963,6.419240951538086,2026-01-08 09:29:00,4437.01
Up,4437.933444521427,2026-01-08 10:01:44.757556915,8.596908569335938,12.745959281921387,4433.92,2026-01-08 09:56:00,Up,5.5,7.0,4.013444521427118,0.09051684562254435,3.0969085693359375,5.745959281921387,2026-01-08 09:49:00,4428.42
Down,4426.909385375977,2026-01-08 10:09:04.672508239,7.328219413757324,13.077875137329102,4425.69,2026-01-08 10:05:00,Down,8.230000000000473,9.0,1.2193853759772537,0.027552435348550255,0.9017805862431487,4.077875137329102,2026-01-08 09:56:00,4433.92
Up,4433.561016157865,2026-01-08 10:20:05.760726928,6.9082865715026855,15.096012115478516,4433.26,2026-01-08 10:11:00,Up,7.5700000000006185,6.0,0.3010161578649786,0.006789950462300397,0.6617134284979329,9.096012115478516,2026-01-08 10:05:00,4425.69
Down,4423.0398778402805,2026-01-08 10:25:22.556076049,7.773166656494141,14.375934600830078,4419.96,2026-01-08 10:43:00,Down,13.300000000000182,32.0,3.07987784028046,0.06968112472240609,5.526833343506041,17.624065399169922,2026-01-08 10:11:00,4433.26
Up,4429.683417978286,2026-01-08 10:53:21.715793609,9.00400161743164,10.361929893493652,4435.47,2026-01-08 11:01:00,Up,15.510000000000218,18.0,5.786582021713912,0.13046152993287996,6.505998382568578,7.638070106506348,2026-01-08 10:43:00,4419.96
Down,4423.330446485281,2026-01-08 11:17:36.564903259,11.558002471923828,16.60941505432129,4426.09,2026-01-08 11:20:00,Down,9.38000000000011,19.0,2.7595535147193004,0.06234743339424414,2.178002471923719,2.390584945678711,2026-01-08 11:01:00,4435.47
Up,4436.53603941679,2026-01-08 11:34:15.923080444,8.71511459350586,14.265384674072266,4434.83,2026-01-08 11:34:00,Up,8.739999999999782,14.0,1.7060394167901904,0.038469105169537283,0.024885406493922346,0.2653846740722656,2026-01-08 11:20:00,4426.09
Down,4426.401367419958,2026-01-08 11:46:32.696399688,8.329358100891113,12.544939994812012,4429.12,2026-01-08 11:48:00,Down,5.710000000000036,14.0,2.71863258004214,0.0613808743055537,2.619358100891077,1.4550600051879883,2026-01-08 11:34:00,4434.83
Up,4435.473330726623,2026-01-08 11:57:59.214534759,6.141583442687988,9.986908912658691,4433.43,2026-01-08 11:56:00,Up,4.3100000000004,8.0,2.043330726623026,0.04608916181428433,1.831583442687588,1.9869089126586914,2026-01-08 11:48:00,4429.12
Down,4426.813368625045,2026-01-08 12:14:16.404304504,7.460351943969727,18.273405075073242,4423.08,2026-01-08 12:20:00,Down,10.350000000000364,24.0,3.733368625044932,0.0844065362834254,2.8896480560306372,5.726594924926758,2026-01-08 11:56:00,4433.43
Up,4431.518991951943,2026-01-08 12:33:21.206302642,8.079914093017578,13.353438377380371,4434.76,2026-01-08 12:42:00,Up,11.680000000000291,22.0,3.2410080480576653,0.07308192659935747,3.600085906982713,8.646561622619629,2026-01-08 12:20:00,4423.08
Down,4425.60035733223,2026-01-08 12:59:49.224929809,8.439558982849121,17.820415496826172,4429.99,2026-01-08 12:56:00,Down,4.770000000000437,14.0,4.389642667770204,0.09908922295016928,3.6695589828486845,3.820415496826172,2026-01-08 12:42:00,4434.76
Up,4436.2268132948875,2026-01-08 13:09:49.923305511,6.070971965789795,13.83205509185791,4433.91,2026-01-08 12:59:00,Up,3.9200000000000728,3.0,2.316813294887652,0.05225214979301908,2.150971965789722,10.83205509185791,2026-01-08 12:56:00,4429.99
Down,4427.800865828991,2026-01-08 13:12:53.763599395,7.1709442138671875,13.8960599899292,4424.8,2026-01-08 13:25:00,Down,9.109999999999673,26.0,3.0008658289907544,0.06781924220282846,1.939055786132485,12.1039400100708,2026-01-08 12:59:00,4433.91
Up,4434.428569984436,2026-01-08 13:36:42.572422027,7.2298383712768555,11.709540367126465,4428.1,2026-01-08 13:40:00,Up,3.300000000000182,15.0,6.3285699844354895,0.1429184070918789,3.9298383712766736,3.290459632873535,2026-01-08 13:25:00,4424.8
Down,4420.178772950173,2026-01-08 13:52:59.354438781,8.01264762878418,12.989240646362305,4407.76,2026-01-08 14:16:00,Down,20.340000000000146,36.0,12.418772950172752,0.28174793886628924,12.327352371215966,23.010759353637695,2026-01-08 13:40:00,4428.1
Up,4415.870258054733,2026-01-08 14:27:33.150215148,8.050716400146484,11.55250358581543,4431.4,2026-01-08 14:44:00,Up,23.639999999999418,28.0,15.529741945266323,0.35044775793804045,15.589283599852934,16.44749641418457,2026-01-08 14:16:00,4407.76
Down,4420.259439539909,2026-01-08 15:02:31.723709106,8.04408073425293,18.528728485107422,4417.4,2026-01-08 15:10:00,Down,14.0,26.0,2.8594395399095447,0.0647312794836226,5.95591926574707,7.471271514892578,2026-01-08 14:44:00,4431.4
Up,4429.763400125503,2026-01-08 15:19:50.691204071,8.769899368286133,9.844853401184082,4436.63,2026-01-08 15:25:00,Up,19.230000000000473,15.0,6.866599874497297,0.1547706226234168,10.46010063171434,5.155146598815918,2026-01-08 15:10:00,4417.4
Down,4425.918441253901,2026-01-08 15:38:29.028453826,13.354177474975586,13.483807563781738,4425.86,2026-01-08 15:33:00,Down,10.770000000000437,8.0,0.05844125390103727,0.0013204496730813283,2.5841774749751494,5.483807563781738,2026-01-08 15:25:00,4436.63
Up,4441.364160161018,2026-01-08 15:44:03.520431518,11.873369216918945,11.058673858642578,4435.55,2026-01-08 15:44:00,Up,9.69000000000051,11.0,5.814160161017753,0.13108092933272655,2.183369216918436,0.058673858642578125,2026-01-08 15:33:00,4425.86
Down,4425.661682349443,2026-01-08 15:54:03.777294158,11.388075828552246,10.062954902648926,4419.23,2026-01-08 16:08:00,Down,16.32000000000062,24.0,6.43168234944369,0.14553852932397027,4.931924171448372,13.937045097351074,2026-01-08 15:44:00,4435.55
Up,4432.106369912624,2026-01-08 16:21:48.395233154,12.134664535522461,13.806587219238281,4439.32,2026-01-08 16:50:00,Up,20.090000000000146,42.0,7.21363008737535,0.16249403258551648,7.955335464477685,28.19341278076172,2026-01-08 16:08:00,4419.23
Down,4425.453687181473,2026-01-08 17:04:08.914947509,12.517769813537598,14.148582458496094,4427.78,2026-01-08 17:01:00,Down,11.539999999999964,11.0,2.3263128185271853,0.052539033523056375,0.977769813537634,3.1485824584960938,2026-01-08 16:50:00,4439.32
Up,4438.994857299328,2026-01-08 17:15:37.504749298,14.746134757995605,14.625079154968262,4453.98,2026-01-08 17:17:00,Up,26.199999999999818,16.0,14.985142700671531,0.33644387044107815,11.453865242004213,1.3749208450317383,2026-01-08 17:01:00,4427.78
Down,4440.104797779321,2026-01-08 17:31:33.416175842,15.545019149780273,14.556936264038086,4443.45,2026-01-08 17:26:00,Down,10.529999999999745,9.0,3.3452022206784022,0.07528389473671139,5.015019149780528,5.556936264038086,2026-01-08 17:17:00,4453.98
Up,4458.899245297908,2026-01-08 17:44:44.803161621,16.716157913208008,18.746719360351562,4456.42,2026-01-08 17:50:00,Up,12.970000000000255,24.0,2.4792452979081645,0.05563311577248474,3.746157913207753,5.2532806396484375,2026-01-08 17:26:00,4443.45
Down,4443.070037003756,2026-01-08 18:06:56.635208129,15.85653305053711,16.943920135498047,4447.76,2026-01-08 17:55:00,Down,8.659999999999854,5.0,4.689962996244503,0.10544550506872005,7.196533050537255,11.943920135498047,2026-01-08 17:50:00,4456.42
Up,4458.110843753815,2026-01-08 18:07:53.206043243,12.794654846191406,12.886767387390137,4458.0,2026-01-08 18:02:00,Up,10.239999999999782,7.0,0.11084375381506106,0.002486400937978041,2.5546548461916245,5.886767387390137,2026-01-08 17:55:00,4447.76
Down,4445.960339784622,2026-01-08 18:13:24.617328643,12.100975036621094,11.41028881072998,4447.0,2026-01-08 18:15:00,Down,11.0,13.0,1.0396602153778076,0.023378911971616994,1.1009750366210938,1.5897111892700195,2026-01-08 18:02:00,4458.0
Up,4458.845614314079,2026-01-08 18:27:58.518962860,10.379097938537598,12.975316047668457,4464.61,2026-01-08 18:42:00,Up,17.609999999999673,27.0,5.764385685920388,0.12911286060642227,7.230902061462075,14.024683952331543,2026-01-08 18:15:00,4447.0
Down,4452.523482094407,2026-01-08 18:57:04.889945983,10.492840766906738,15.081499099731445,4457.87,2026-01-08 18:48:00,Down,6.739999999999782,6.0,5.346517905592918,0.11993436115438356,3.7528407669069566,9.081499099731445,2026-01-08 18:42:00,4464.61
Up,4466.748425847291,2026-01-08 19:01:53.743801116,10.334565162658691,13.895730018615723,4465.36,2026-01-08 19:02:00,Up,7.489999999999782,14.0,1.3884258472917281,0.031093256698042894,2.8445651626589097,0.10426998138427734,2026-01-08 18:48:00,4457.87
Down,4457.213224978446,2026-01-08 19:12:39.926948547,9.09604549407959,10.665449142456055,4457.66,2026-01-08 19:17:00,Down,7.699999999999818,15.0,0.44677502155354887,0.01002263567776701,1.3960454940797717,4.334550857543945,2026-01-08 19:02:00,4465.36
Up,4465.7441042494775,2026-01-08 19:31:13.446807861,12.326720237731934,14.224113464355469,4463.6,2026-01-08 19:32:00,Up,5.940000000000509,15.0,2.1441042494770954,0.04803531341242708,6.386720237731424,0.7758865356445312,2026-01-08 19:17:00,4457.66
Down,4456.313919305801,2026-01-08 19:40:57.773838043,7.6482954025268555,8.962897300720215,4459.08,2026-01-08 19:38:00,Down,4.520000000000437,6.0,2.7660806941985356,0.06203254245715564,3.128295402526419,2.962897300720215,2026-01-08 19:32:00,4463.6
Up,4466.309267120361,2026-01-08 19:52:07.603111267,7.364228248596191,14.126718521118164,4464.06,2026-01-08 19:59:00,Up,4.980000000000473,21.0,2.249267120360855,0.050386131018867464,2.3842282485957185,6.873281478881836,2026-01-08 19:38:00,4459.08
Down,4457.5772582960135,2026-01-08 20:08:25.582637786,6.186223030090332,9.426377296447754,4448.03,2026-01-08 20:36:00,Down,16.030000000000655,37.0,9.547258296013752,0.2146401507187171,9.843776969910323,27.573622703552246,2026-01-08 19:59:00,4464.06
Up,4457.445056786537,2026-01-08 20:47:45.269050598,7.681410789489746,11.754484176635742,4455.06,2026-01-08 20:48:00,Up,7.030000000000655,12.0,2.385056786536552,0.05353590718276637,0.6514107894890913,0.2455158233642578,2026-01-08 20:36:00,4448.03
Down,4445.78381192565,2026-01-08 21:00:46.295928955,8.014962196350098,12.771598815917969,4444.78,2026-01-08 21:17:00,Down,10.280000000000655,29.0,1.0038119256505524,0.02258406323036354,2.265037803650557,16.22840118408203,2026-01-08 20:48:00,4455.06
Up,4454.449398095608,2026-01-08 21:29:33.647003173,7.667571067810059,12.560783386230469,4452.92,2026-01-08 21:47:00,Up,8.140000000000327,30.0,1.5293980956075757,0.034345959406582104,0.4724289321902688,17.43921661376953,2026-01-08 21:17:00,4444.78
Down,4446.275608029366,2026-01-08 21:58:07.892360687,6.875672817230225,11.131539344787598,4449.73,2026-01-08 21:51:00,Down,3.1900000000005093,4.0,3.4543919706338784,0.0776314960825461,3.6856728172297153,7.131539344787598,2026-01-08 21:47:00,4452.92
Up,4456.565898221731,2026-01-08 22:06:25.155830383,7.75235652923584,15.41926383972168,4478.11,2026-01-08 22:36:00,Up,28.38000000000011,45.0,21.54410177826867,0.48109809223687383,20.62764347076427,29.58073616027832,2026-01-08 21:51:00,4449.73
Down,4470.56401335895,2026-01-08 22:51:28.255691528,6.943636894226074,15.470928192138672,4472.07,2026-01-08 22:46:00,Down,6.039999999999964,10.0,1.505986641049276,0.03367538166999345,0.9036368942261106,5.470928192138672,2026-01-08 22:36:00,4478.11
Up,4481.806229707003,2026-01-08 23:04:20.175819396,8.701909065246582,18.33626365661621,4479.47,2026-01-08 23:10:00,Up,7.400000000000546,24.0,2.3362297070025306,0.052154154554055074,1.3019090652460363,5.663736343383789,2026-01-08 22:46:00,4472.07
Down,4472.175636000634,2026-01-08 23:18:25.515403747,6.415097236633301,8.425256729125977,4472.73,2026-01-08 23:22:00,Down,6.740000000000691,12.0,0.5543639993657052,0.012394309501483552,0.32490276336739043,3.5747432708740234,2026-01-08 23:10:00,4479.47
Up,4481.18001042366,2026-01-08 23:36:07.195930480,5.47283411026001,14.119932174682617,4475.81,2026-01-08 23:31:00,Up,3.0800000000008367,9.0,5.370010423659551,0.11997851614924562,2.392834110259173,5.119932174682617,2026-01-08 23:22:00,4472.73
Down,4468.618169962168,2026-01-08 23:41:08.145103454,7.606636047363281,10.135751724243164,4472.57,2026-01-08 23:41:00,Down,3.240000000000691,10.0,3.9518300378313143,0.08835703047311311,4.36663604736259,0.13575172424316406,2026-01-08 23:31:00,4475.81
Up,4485.694559297562,2026-01-08 23:58:21.131744384,6.972872257232666,17.352195739746094,4484.04,2026-01-09 01:02:00,Up,11.470000000000255,81.0,1.6545592975617183,0.036898852319821374,4.497127742767589,63.647804260253906,2026-01-08 23:41:00,4472.57
Down,4475.845780985355,2026-01-09 01:15:54.215698242,6.097897052764893,13.903594970703125,4475.06,2026-01-09 01:24:00,Down,8.979999999999563,22.0,0.7857809853549043,0.01755911619855162,2.882102947234671,8.096405029296875,2026-01-09 01:02:00,4484.04
Up,4483.623239946366,2026-01-09 03:13:26.808471679,7.2729082107543945,109.44680786132812,4478.46,2026-01-09 01:26:00,Up,3.399999999999636,2.0,5.163239946366048,0.11529052277716106,3.8729082107547583,107.44680786132812,2026-01-09 01:24:00,4475.06
Down,4468.0729467773435,2026-01-09 01:37:41.294631958,8.30643367767334,11.688243865966797,4472.94,2026-01-09 01:48:00,Down,5.520000000000437,22.0,4.867053222656068,0.10881105542788565,2.7864336776729033,10.311756134033203,2026-01-09 01:26:00,4478.46
Up,4481.053414649963,2026-01-09 02:02:29.676704406,5.761513710021973,14.494611740112305,4476.6,2026-01-09 02:00:00,Up,3.660000000000764,12.0,4.453414649962724,0.09948207679852396,2.1015137100212087,2.4946117401123047,2026-01-09 01:48:00,4472.94
Down,4468.726760709286,2026-01-09 02:12:10.483875274,8.429643630981445,12.174731254577637,4459.99,2026-01-09 02:53:00,Down,16.610000000000582,53.0,8.7367607092865,0.19589193494349766,8.180356369019137,40.82526874542236,2026-01-09 02:00:00,4476.6
Up,4470.466601475477,2026-01-09 03:04:40.900325775,9.544958114624023,11.681672096252441,4465.63,2026-01-09 03:00:00,Up,5.640000000000327,7.0,4.836601475476527,0.10830725956867289,3.904958114623696,4.681672096252441,2026-01-09 02:53:00,4459.99
Down,4454.472323781848,2026-01-09 03:17:52.389564514,9.116849899291992,17.873159408569336,4452.96,2026-01-09 03:08:00,Down,12.670000000000073,8.0,1.5123237818479538,0.0339622134905311,3.5531501007080806,9.873159408569336,2026-01-09 03:00:00,4465.63
Up,4464.487595443726,2026-01-09 03:17:25.743770599,12.46375560760498,9.429062843322754,4461.54,2026-01-09 03:16:00,Up,8.579999999999927,8.0,2.9475954437257315,0.06606677164668996,3.8837556076050532,1.429062843322754,2026-01-09 03:08:00,4452.96
Down,4448.6557638430595,2026-01-09 03:26:40.052776336,11.621185302734375,10.667546272277832,4453.13,2026-01-09 03:20:00,Down,8.409999999999854,4.0,4.474236156940606,0.1004739622903577,3.2111853027345205,6.667546272277832,2026-01-09 03:16:00,4461.54
Up,4466.658826004267,2026-01-09 03:35:59.119491577,14.12451457977295,15.98532485961914,4460.08,2026-01-09 03:35:00,Up,6.949999999999818,15.0,6.578826004267285,0.14750466368915546,7.174514579773131,0.9853248596191406,2026-01-09 03:20:00,4453.13
Down,4448.026747112274,2026-01-09 03:46:58.926544189,9.330172538757324,11.982109069824219,4456.16,2026-01-09 03:37:00,Down,3.9200000000000728,2.0,8.133252887725575,0.1825170749642198,5.4101725387572515,9.982109069824219,2026-01-09 03:35:00,4460.08
Up,4465.421745166778,2026-01-09 03:50:38.976116180,13.644049644470215,13.649601936340332,4476.54,2026-01-09 04:05:00,Up,20.38000000000011,28.0,11.118254833221727,0.24836715037108406,6.735950355529894,14.350398063659668,2026-01-09 03:37:00,4456.16
Down,4466.846335794926,2026-01-09 04:14:42.959232330,9.245015144348145,9.715987205505371,4470.05,2026-01-09 04:16:00,Down,6.489999999999782,11.0,3.2036642050743467,0.0716695384855728,2.755015144348363,1.284012794494629,2026-01-09 04:05:00,4476.54
Up,4478.692109739781,2026-01-09 04:31:46.825561523,13.096407890319824,15.780426025390625,4475.55,2026-01-09 04:30:00,Up,5.5,14.0,3.142109739780608,0.07020611410397846,7.596407890319824,1.780426025390625,2026-01-09 04:16:00,4470.05
Down,4468.734724366665,2026-01-09 04:37:19.020366668,6.303979873657227,7.3170061111450195,4468.34,2026-01-09 04:39:00,Down,7.210000000000036,9.0,0.39472436666528665,0.008833803306491597,0.9060201263428098,1.6829938888549805,2026-01-09 04:30:00,4475.55
Up,4477.301600322724,2026-01-09 04:49:56.389961242,7.722814559936523,10.93983268737793,4473.73,2026-01-09 04:44:00,Up,5.389999999999418,5.0,3.5716003227244073,0.07983495478547896,2.3328145599371055,5.93983268737793,2026-01-09 04:39:00,4468.34
Down,4464.622395487428,2026-01-09 04:59:45.312767028,9.423718452453613,15.755212783813477,4462.14,2026-01-09 05:18:00,Down,11.589999999999236,34.0,2.4823954874273113,0.055632398074182146,2.1662815475456227,18.244787216186523,2026-01-09 04:44:00,4473.73
Up,4471.690776922703,2026-01-09 05:37:57.098464965,8.789639472961426,19.951641082763672,4466.43,2026-01-09 05:21:00,Up,4.289999999999964,3.0,5.260776922702462,0.11778482865963334,4.499639472961462,16.951641082763672,2026-01-09 05:18:00,4462.14
Down,4454.692095145583,2026-01-09 05:36:51.670532226,9.398245811462402,15.861175537109375,4460.53,2026-01-09 05:32:00,Down,5.900000000000546,11.0,5.837904854416593,0.13087917477108307,3.4982458114618566,4.861175537109375,2026-01-09 05:21:00,4466.43
Up,4467.445766379833,2026-01-09 05:43:21.649589538,8.26632022857666,11.36082649230957,4465.9,2026-01-09 05:45:00,Up,5.369999999999891,13.0,1.545766379833367,0.03461265097367534,2.8963202285767693,1.6391735076904297,2026-01-09 05:32:00,4460.53
Down,4457.435741794109,2026-01-09 05:56:39.587631225,6.330613613128662,11.659793853759766,4460.78,2026-01-09 06:18:00,Down,5.119999999999891,33.0,3.3442582058905828,0.07497025645493799,1.2106136131287712,21.340206146240234,2026-01-09 05:45:00,4465.9
Up,4469.039927718639,2026-01-09 06:29:53.603782653,7.478852272033691,11.893396377563477,4464.62,2026-01-09 06:35:00,Up,3.8400000000001455,17.0,4.419927718638974,0.09899896785480004,3.638852272033546,5.106603622436523,2026-01-09 06:18:00,4460.78
Down,4457.068537245988,2026-01-09 06:50:42.852058410,7.001863479614258,15.714200973510742,4461.62,2026-01-09 06:37:00,Down,3.0,2.0,4.551462754011482,0.10201368009851762,4.001863479614258,13.714200973510742,2026-01-09 06:35:00,4464.62
Up,4469.807553677559,2026-01-09 06:58:03.047790527,9.251956939697266,21.050796508789062,4466.95,2026-01-09 06:57:00,Up,5.329999999999927,20.0,2.857553677558826,0.06397102446991407,3.9219569396973384,1.0507965087890625,2026-01-09 06:37:00,4461.62
Down,4459.037287482619,2026-01-09 07:04:00.146484375,5.1866230964660645,7.00244140625,4460.24,2026-01-09 07:16:00,Down,6.710000000000036,19.0,1.20271251738086,0.026965197329759386,1.523376903533972,11.99755859375,2026-01-09 06:57:00,4466.95
Up,4466.808115320206,2026-01-09 07:34:30.281181335,5.884963035583496,18.50468635559082,4463.97,2026-01-09 07:20:00,Up,3.730000000000473,4.0,2.838115320205361,0.06357827942852126,2.154963035583023,14.50468635559082,2026-01-09 07:16:00,4460.24
Down,4456.996749744416,2026-01-09 07:34:42.406768798,6.757595539093018,14.706779479980469,4458.32,2026-01-09 07:24:00,Down,5.650000000000546,4.0,1.3232502555838437,0.029680468328514863,1.1075955390924719,10.706779479980469,2026-01-09 07:20:00,4463.97
Up,4465.246158218383,2026-01-09 07:35:10.653591156,6.920702934265137,11.177559852600098,4471.78,2026-01-09 07:35:00,Up,13.460000000000036,11.0,6.533841781616502,0.14611277347312485,6.5392970657349,0.17755985260009766,2026-01-09 07:24:00,4458.32
Down,4460.913477281331,2026-01-09 07:47:25.661888122,10.428887367248535,12.427698135375977,4465.6,2026-01-09 07:47:00,Down,6.1799999999993815,12.0,4.686522718669039,0.10494721243884447,4.248887367249154,0.42769813537597656,2026-01-09 07:35:00,4471.78
Up,4473.052774047852,2026-01-09 08:01:30.035648345,8.328790664672852,14.500594139099121,4470.98,2026-01-09 08:01:00,Up,5.3799999999992,14.0,2.072774047852363,0.046360619994998034,2.948790664673652,0.5005941390991211,2026-01-09 07:47:00,4465.6
Down,4462.538359059095,2026-01-09 08:13:13.272628784,9.715514183044434,12.221210479736328,4466.14,2026-01-09 08:14:00,Down,4.839999999999236,13.0,3.6016409409057815,0.08064326109136259,4.875514183045198,0.7787895202636719,2026-01-09 08:01:00,4470.98
Up,4473.611244647504,2026-01-09 08:25:34.195632934,8.976648330688477,11.569927215576172,4477.36,2026-01-09 08:48:00,Up,11.219999999999345,34.0,3.7487553524961186,0.08372691390676915,2.2433516693108686,22.430072784423828,2026-01-09 08:14:00,4466.14
Down,4469.393086533546,2026-01-09 08:59:52.973613739,9.086708068847656,11.882893562316895,4468.66,2026-01-09 09:35:00,Down,8.699999999999818,47.0,0.7330865335461567,0.01640506401351091,0.38670806884783815,35.117106437683105,2026-01-09 08:48:00,4477.36
Up,4475.605418009758,2026-01-09 09:46:54.801006317,6.712950706481934,11.913350105285645,4473.15,2026-01-09 09:47:00,Up,4.489999999999782,12.0,2.455418009758432,0.05489236913044348,2.222950706482152,0.08664989471435547,2026-01-09 09:35:00,4468.66
Down,4465.697956556081,2026-01-09 10:06:06.122131347,6.809027671813965,19.102035522460938,4469.63,2026-01-09 09:51:00,Down,3.519999999999527,4.0,3.932043443918701,0.08797245955299882,3.289027671814438,15.102035522460938,2026-01-09 09:47:00,4473.15
Up,4476.337155995369,2026-01-09 10:07:36.417045593,5.6005635261535645,16.606950759887695,4473.48,2026-01-09 09:53:00,Up,3.8499999999994543,2.0,2.8571559953697943,0.06386875531733224,1.7505635261541101,14.606950759887695,2026-01-09 09:51:00,4469.63
Down,4466.362306866646,2026-01-09 10:06:22.656555175,6.2384490966796875,13.377609252929688,4466.4,2026-01-09 10:02:00,Down,7.079999999999927,9.0,0.03769313335396873,0.0008439265035368247,0.8415509033202397,4.3776092529296875,2026-01-09 09:53:00,4473.48
Up,4474.3625859260555,2026-01-09 10:14:23.039417266,5.171689510345459,12.383990287780762,4476.95,2026-01-09 10:13:00,Up,10.550000000000182,11.0,2.5874140739442737,0.05779412488288397,5.378310489654723,1.3839902877807617,2026-01-09 10:02:00,4466.4
Down,4468.154188710451,2026-01-09 10:25:41.929264068,7.390807151794434,12.698821067810059,4464.08,2026-01-09 10:53:00,Down,12.86999999999989,40.0,4.074188710451381,0.09126603265289557,5.479192848205457,27.30117893218994,2026-01-09 10:13:00,4476.95
Up,4473.743489904404,2026-01-09 11:02:12.075576782,7.362848281860352,9.20125961303711,4477.63,2026-01-09 11:20:00,Up,13.550000000000182,27.0,3.88651009559635,0.08679837538153777,6.18715171813983,17.79874038696289,2026-01-09 10:53:00,4464.08
Down,4467.857912518382,2026-01-09 11:32:39.335918426,10.203485488891602,12.655598640441895,4471.64,2026-01-09 11:35:00,Down,5.989999999999782,15.0,3.782087481617964,0.08457942682367015,4.21348548889182,2.3444013595581055,2026-01-09 11:20:00,4477.63
Up,4478.928010368348,2026-01-09 11:48:51.211910247,8.44007682800293,13.853531837463379,4474.36,2026-01-09 11:47:00,Up,2.719999999999345,12.0,4.568010368348041,0.102093045001923,5.7200768280035845,1.853531837463379,2026-01-09 11:35:00,4471.64
Down,4467.1414303565025,2026-01-09 11:59:02.527027130,6.905981063842773,12.04211711883545,4469.87,2026-01-09 12:05:00,Down,4.489999999999782,18.0,2.7285696434973943,0.06104360179372989,2.4159810638429917,5.957882881164551,2026-01-09 11:47:00,4474.36
Up,4477.890458607673,2026-01-09 12:19:04.040794372,7.291213035583496,14.067346572875977,4474.22,2026-01-09 12:10:00,Up,4.350000000000364,5.0,3.6704586076730266,0.08203572036406405,2.9412130355831323,9.067346572875977,2026-01-09 12:05:00,4469.87
Down,4465.150600538254,2026-01-09 12:27:21.166419982,6.703912258148193,17.352773666381836,4467.18,2026-01-09 12:49:00,Down,7.039999999999964,39.0,2.029399461745925,0.0454290953520101,0.33608774185177026,21.647226333618164,2026-01-09 12:10:00,4474.22
Up,4473.549051074982,2026-01-09 12:59:50.560283660,6.337874889373779,10.842671394348145,4474.78,2026-01-09 13:03:00,Up,7.599999999999454,14.0,1.230948925017401,0.027508590925529323,1.262125110625675,3.1573286056518555,2026-01-09 12:49:00,4467.18
Down,4465.5569028902055,2026-01-09 13:14:16.413002014,8.193792343139648,11.273550033569336,4470.03,2026-01-09 13:09:00,Down,4.75,6.0,4.473097109794253,0.10006861497113562,3.4437923431396484,5.273550033569336,2026-01-09 13:03:00,4474.78
Up,4476.464394389391,2026-01-09 13:17:24.214324951,6.712461471557617,8.403572082519531,4473.01,2026-01-09 13:21:00,Up,2.980000000000473,12.0,3.4543943893904725,0.07722751322689805,3.7324614715571443,3.5964279174804688,2026-01-09 13:09:00,4470.03
Down,4466.7110208213335,2026-01-09 13:33:49.213199615,6.44379997253418,12.820219993591309,4469.28,2026-01-09 13:32:00,Down,3.730000000000473,11.0,2.568979178666268,0.05748082864949764,2.7137999725337068,1.8202199935913086,2026-01-09 13:21:00,4473.01
Up,4476.218389949799,2026-01-09 13:44:44.529933929,7.760788917541504,12.742165565490723,4471.96,2026-01-09 13:39:00,Up,2.680000000000291,7.0,4.258389949798584,0.09522424059693253,5.080788917541213,5.742165565490723,2026-01-09 13:32:00,4469.28
Down,4464.562715854645,2026-01-09 13:52:04.843540191,6.039662837982178,13.08072566986084,4468.81,2026-01-09 13:46:00,Down,3.149999999999636,7.0,4.247284145355479,0.09504284463549534,2.8896628379825415,6.08072566986084,2026-01-09 13:39:00,4471.96
Up,4475.299106966258,2026-01-09 14:02:33.243484497,6.259442329406738,16.554058074951172,4480.44,2026-01-09 14:06:00,Up,11.6299999999992,20.0,5.1408930337420315,0.11474080745958058,5.370557670592461,3.445941925048828,2026-01-09 13:46:00,4468.81
Down,4472.59846301794,2026-01-09 14:19:57.820873260,8.67529582977295,13.9636812210083,4461.18,2026-01-09 14:33:00,Down,19.25999999999931,27.0,11.418463017939757,0.2559516320332234,10.58470417022636,13.0363187789917,2026-01-09 14:06:00,4480.44
Up,4469.673602964878,2026-01-09 14:46:36.267528533,9.808036804199219,13.604458808898926,4468.35,2026-01-09 14:48:00,Up,7.170000000000073,15.0,1.323602964877864,0.029621738782276766,2.638036804199146,1.3955411911010742,2026-01-09 14:33:00,4461.18
Down,4458.139803886414,2026-01-09 15:00:28.704471588,9.139819145202637,12.478407859802246,4463.74,2026-01-09 14:54:00,Down,4.610000000000582,6.0,5.6001961135862075,0.12545972914162132,4.529819145202055,6.478407859802246,2026-01-09 14:48:00,4468.35
Up,4472.431636223793,2026-01-09 15:07:51.906337738,8.221734046936035,13.865105628967285,4473.76,2026-01-09 15:06:00,Up,10.020000000000437,12.0,1.3283637762069702,0.029692334327433078,1.7982659530644014,1.8651056289672852,2026-01-09 14:54:00,4463.74
Down,4464.070489110947,2026-01-09 15:17:20.092735290,10.8101806640625,11.334878921508789,4462.24,2026-01-09 15:20:00,Down,11.520000000000437,14.0,1.8304891109473829,0.04102175389372564,0.7098193359379366,2.665121078491211,2026-01-09 15:06:00,4473.76
Up,4474.815072479248,2026-01-09 15:35:27.247009277,12.557353019714355,15.454116821289062,4474.65,2026-01-09 15:25:00,Up,12.409999999999854,5.0,0.1650724792480105,0.003689059015744483,0.147353019714501,10.454116821289062,2026-01-09 15:20:00,4462.24
Down,4463.0462513476605,2026-01-09 15:37:45.931148529,16.707401275634766,12.765519142150879,4457.94,2026-01-09 15:30:00,Down,16.710000000000036,5.0,5.106251347660873,0.11454284597057998,0.002598724365270755,7.765519142150879,2026-01-09 15:25:00,4474.65
Up,4472.772683007716,2026-01-09 15:42:47.675743103,16.32349395751953,12.794595718383789,4491.8,2026-01-09 15:40:00,Up,33.86000000000058,10.0,19.027316992283886,0.4236011619458543,17.53650604248105,2.794595718383789,2026-01-09 15:30:00,4457.94
Down,4474.061406838894,2026-01-09 15:55:16.729316711,15.444368362426758,15.27882194519043,4479.05,2026-01-09 15:52:00,Down,12.75,12.0,4.98859316110611,0.11137614362657505,2.694368362426758,3.2788219451904297,2026-01-09 15:40:00,4491.8
Up,4497.2719194591045,2026-01-09 16:04:41.768016815,19.356582641601562,12.696133613586426,4496.62,2026-01-09 16:11:00,Up,17.56999999999971,19.0,0.6519194591046471,0.014497988691609412,1.7865826416018535,6.303866386413574,2026-01-09 15:52:00,4479.05
Down,4480.550090548992,2026-01-09 16:25:03.147583007,18.598613739013672,14.052459716796875,4482.68,2026-01-09 16:33:00,Down,13.9399999999996,22.0,2.1299094510086434,0.04751419800228085,4.658613739014072,7.947540283203125,2026-01-09 16:11:00,4496.62
Up,4497.586983528137,2026-01-09 16:45:24.016857147,12.997661590576172,12.400280952453613,4498.04,2026-01-09 16:38:00,Up,15.359999999999673,5.0,0.45301647186261107,0.01007141937071727,2.3623384094235007,7.400280952453613,2026-01-09 16:33:00,4482.68
Down,4485.219799275398,2026-01-09 16:51:03.579082489,17.10761833190918,13.059651374816895,4479.13,2026-01-09 16:51:00,Down,18.909999999999854,13.0,6.089799275398036,0.13595942237439046,1.8023816680906748,0.05965137481689453,2026-01-09 16:38:00,4498.04
Up,4498.1318176209925,2026-01-09 17:04:10.556087493,16.97397804260254,13.175934791564941,4517.15,2026-01-09 17:42:00,Up,38.01999999999953,51.0,19.018182379007158,0.4210217145546895,21.046021957396988,37.82406520843506,2026-01-09 16:51:00,4479.13
Down,4498.887239092588,2026-01-09 17:58:06.265869140,15.203275680541992,16.10443115234375,4499.94,2026-01-09 18:13:00,Down,17.210000000000036,31.0,1.052760907411539,0.023394998764684396,2.006724319458044,14.89556884765625,2026-01-09 17:42:00,4517.15
Up,4514.8464460659025,2026-01-09 18:25:01.774578094,13.046929359436035,12.029576301574707,4511.67,2026-01-09 19:03:00,Up,11.730000000000473,50.0,3.1764460659023825,0.07040510644400816,1.3169293594355622,37.97042369842529,2026-01-09 18:13:00,4499.94
Down,4502.019931839109,2026-01-09 19:15:14.296703338,10.16659164428711,12.23827838897705,4502.13,2026-01-09 19:23:00,Down,9.539999999999964,20.0,0.11006816089138738,0.002444801924675373,0.6265916442871458,7.761721611022949,2026-01-09 19:03:00,4511.67
Up,4515.082614476681,2026-01-09 19:34:09.539909362,11.964027404785156,11.158998489379883,4510.21,2026-01-09 19:34:00,Up,8.079999999999927,11.0,4.87261447668061,0.10803520183496135,3.884027404785229,0.1589984893798828,2026-01-09 19:23:00,4502.13
Down,4501.752087374925,2026-01-09 19:53:11.346931457,8.626263618469238,19.189115524291992,4481.62,2026-01-09 19:56:00,Down,28.590000000000146,22.0,20.132087374925504,0.44921451115724903,19.963736381530907,2.810884475708008,2026-01-09 19:34:00,4510.21
Up,4495.687890386581,2026-01-09 20:15:58.403549194,13.40839672088623,19.973392486572266,4504.59,2026-01-09 20:40:00,Up,22.970000000000255,44.0,8.90210961341927,0.19762308253180133,9.561603279114024,24.026607513427734,2026-01-09 19:56:00,4481.62
Down,4493.0025834327935,2026-01-09 20:51:49.812469482,11.607486724853516,11.830207824707031,4492.88,2026-01-09 21:06:00,Down,11.710000000000036,26.0,0.12258343279336259,0.0027283932086626527,0.10251327514652075,14.169792175292969,2026-01-09 20:40:00,4504.59
Up,4503.525447120666,2026-01-09 21:26:37.387504577,8.280538558959961,20.623125076293945,4501.72,2026-01-09 21:25:00,Up,8.840000000000146,19.0,1.805447120666031,0.04010571782931926,0.5594614410401846,1.6231250762939453,2026-01-09 21:06:00,4492.88
Down,4494.274830024243,2026-01-09 21:33:51.747722625,7.204841613769531,8.862462043762207,4495.98,2026-01-09 21:30:00,Down,5.740000000000691,5.0,1.7051699757566894,0.03792654717673765,1.46484161376884,3.862462043762207,2026-01-09 21:25:00,4501.72
Up,4505.475113096237,2026-01-09 21:41:13.544940948,6.858949184417725,11.225749015808105,4501.93,2026-01-09 21:53:00,Up,5.950000000000728,23.0,3.5451130962364914,0.0787465175210741,0.908949184416997,11.774250984191895,2026-01-09 21:30:00,4495.98
Down,4495.695751141906,2026-01-09 22:02:28.117218017,6.804903030395508,9.468620300292969,4497.92,2026-01-09 22:00:00,Down,4.010000000000218,7.0,2.2242488580941426,0.049450609572739015,2.7949030303952895,2.4686203002929688,2026-01-09 21:53:00,4501.93
Up,4505.9237655639645,2026-01-09 22:14:37.388763427,6.670976161956787,14.623146057128906,4509.47,2026-01-09 22:18:00,Up,11.550000000000182,18.0,3.5462344360357747,0.07863971677460488,4.879023838043395,3.3768539428710938,2026-01-09 22:00:00,4497.92
Down,4502.066844899058,2026-01-09 22:29:54.756088256,7.882493019104004,11.912601470947266,4502.56,2026-01-09 22:44:00,Down,6.9099999999998545,26.0,0.4931551009422037,0.010952771333246058,0.9724930191041494,14.087398529052734,2026-01-09 22:18:00,4509.47
Up,4509.105629405975,2026-01-09 22:54:52.506122589,6.898691654205322,10.875102043151855,4510.18,2026-01-09 22:59:00,Up,7.619999999999891,15.0,1.0743705940249129,0.023821013662978258,0.7213083457945686,4.1248979568481445,2026-01-09 22:44:00,4502.56
Down,4502.983751920462,2026-01-09 23:08:15.596466064,6.6047282218933105,9.259941101074219,4505.08,2026-01-09 23:09:00,Down,5.100000000000364,10.0,2.0962480795378724,0.04653076259551156,1.5047282218929467,0.7400588989257812,2026-01-09 22:59:00,4510.18
Up,4511.316731295586,2026-01-09 23:19:52.466869354,5.004349708557129,10.8744478225708,4510.48,2026-01-09 23:22:00,Up,5.399999999999636,13.0,0.8367312955861053,0.018550825978301762,0.3956502914425073,2.125552177429199,2026-01-09 23:09:00,4505.08
Down,4504.678044009208,2026-01-09 23:40:11.012763977,6.577479362487793,18.18354606628418,4505.96,2026-01-09 23:42:00,Down,4.519999999999527,20.0,1.2819559907920848,0.02845023015721588,2.057479362488266,1.8164539337158203,2026-01-09 23:22:00,4510.48
Up,4516.439841184616,2026-01-09 23:57:56.314315795,5.84384298324585,15.93857192993164,4511.0,2026-01-09 23:44:00,Up,5.039999999999964,2.0,5.439841184615943,0.12059058267825191,0.803842983245886,13.93857192993164,2026-01-09 23:42:00,4505.96
